angel	beautiful	ever	forgotten	kid	listened	love	mist	never	singing	still	the	voice
17	age	always	around	comforting	early	find	forgot	gentle	graduated	great	grew	grow	jesus	job	leave	like	little	love	loving	mr	never	people	pretensions	reeves	simple	smooth	songs	sounds	sweet	they	think	town	voice
everyday	listening	mum	played	reminds	songs
appreciate	child	cry	death	every	fear	funerals	got	heard	jim	many	now	reeves	reminded	rip	song	souls	still	time	touches	used	voice
70	back	changes	dad	jim	listening	loved	my	reeves	teenager	things	time
71	also	childhood	comes	feeling	have	jim	listened	love	music	nostalgic	puts	reeves	since	to	tunes
18	1966	47	67	able	aisle	apc	babies	back	came	cry	dianne	driver	foreboding	girlfriend	gunner	hawaii	hear	high	inducted	june	just	knowledge	laid	later	like	loved	make	married	marry	might	months	old	rpg	school	senior	song	still	texas	took	usmc	walk	wedding	year	years
1964	also	back	charity	colour	concert	death	dvd	he	interviewed	jim	june	length	norway	picked	rare	shop	weeks	years
47	contents	follow	god	grew	heart	his	jim	lord	many	muslim	one	places	praise	praises	reeves	seen	songs	sure	type	universal	well	words
grew	it	jim	lane	listening	memory	reeves
1970	cry	dance	every	favourites	grandfather	grandparents	hear	hearing	jukebox	love	makes	my	one	pub	time	used	wonderful
childhood	fine	gentleman	jim	parents	played	player	record	the	tune	tunes
44yr	album	away	childhood	drift	happy	jim	listening	many	memories	old	reeves	so
60	back	early	england	fantastic	great	jim	john	listened	lot	memories	reeves	singer	takes	this	voice	wonderful
1966	always	coming	heart	remember	young
back	brings	father	favorite	great	jim	kid	listening	lps	memories	played	player	record	reeves	voice
1966	born	everyone	great	loved	missed	number	one	singer	song	this	well	years
hear	many	memories	so
days	good	old	remembering
brings	children	comfort	listening	lot	loved	music	my	parents	played
back	bring	candy	childhood	fond	jim	listening	memories	miss	mom	momma	oldies	remember
dad	known	miss	much	reminds	would
and	away	beautiful	dad	dance	get	goosebumps	has	little	me	mom	my	of	passed	play	reminds	so	the	this	time	to	used	was	when	with
beautiful	child	furniture	gramaphone	grandparents	great	house	jim	listening	made	piece	played	remember	replicated	rose	small	somehow	songs	sound	suited	today	tone	vacuum	valves	voice	well	wood
away	boy	dad	everytime	favorite	god	hear	hums	late	miss	mom	my	played	radio	remember	song	still	time	way	young
59	almost	back	brings	country	crash	death	favorite	forever	great	his	jim	live	memories	music	one	plane	reeves	shattered	singers	song	untimely	what	world
always	army	came	childhood	home	jim	join	left	make	miss	mum	one	out	piece	play	played	player	record	reeves	reminds	she	sure	till	told	wore	would
amazing	country	get	love	loved	mum	never	one	peter	remind	served	song	still	thinking
40years	ago	back	boy	brings	dad	drinks	ever	house	jim	live	long	memories	party	reeves	sing	song	time	would
always	captured	childhood	died	everyone	favourite	happy	hrs	jim	last	memories	much	mum	reliving	sadly	shares	spent	thank
10	away	came	correctly	crash	died	disc	if	jockey	mr	news	old	passed	plane	reeves	remember	said	song	wire	years
30	47	australia	away	beautiful	blue	caught	child	dad	heard	hearing	husband	just	my	sing	song	started	straight	sung	western	whilst	words	years
asked	beautiful	father	going	gone	her	law	loved	loving	mary	miss	mother	much	name	people	song	they	war	world
always	days	gentleman	jim	love	loved	mary	name	remember	well	young
give	great	kid	listening	loved	much	music	so	soon	taken	voice
ago	awesome	bless	distant	drums	god	inverness	jim	jims	listened	love	many	since	singer	songs	teens	years
always	genesis	punk	reminds	rock	song	this
back	brings	cafe	great	little	memories	mom	played	time
2006	always	away	back	brings	cry	favorite	frequently	good	grandmother	he	hearing	his	listened	makes	many	memories	music	passed	quite	september	since	singer	thinking	want
happy	parents	reminds	times
60s	70s	and	back	big	breakfast	bring	could	dad	dean	early	every	fix	go	gosh	hank	jim	jimmy	jones	late	memories	morning	nearly	one	or	pancakes	put	reeves	sausage	sunday	us	williams	wish	would
always	cash	granddad	jim	johnny	liked	listening	reeves	reminds
and	arranged	beautifully	enough	era	great	kind	know	knowing	labor	live	love	lucky	makes	music	never	produced	real	record	remember	sad	see	smile	the	well	written
back	beautiful	childhood	loved	takes	track	very
around	awesome	back	cheer	face	good	grin	how	lane	live	long	many	memories	memory	much	music	song	thank	the	time	trip	wonderful
back	classic	days	hanging	miss	much	still	sure	this	throw
31	always	babe	back	beautiful	brings	god	husbands	joke	love	memories	months	my	passed	rip	since	sing	use	yrs
1974	always	brilliant	last	remind	school	song	wen	year
back	fell	gosh	love	loved	memories	oh	still	sweet	tune	youth
70	94	az	back	classic	fm	gold	graffiti	great	jack	kool	listening	memories	phoenix	posting	remember	show	song	thanks	weekend	wolfman
beautiful	day	first	great	heard	remember	song	thought	time
back	best	brings	lady	memories	north	oahu	shore	special	sunset	watching
42	attention	broke	choose	competing	growing	guy	heart	ladies	reconnected	remember	song	turned	we	years	young
1990	always	back	bawled	beatles	broke	came	checking	elvis	eyes	gate	get	good	guardhouse	like	listening	loved	lump	people	play	radio	sight	song	still	throat	together	when	wife	work	young	youtube
elvis	everytime	funeral	grandma	head	listen	loved	many	memories	music	my	played	really	song
life	love	reminds	song
everything	great	hear	imagine	life	live	love	lyrics	music	reminds	side	song	when
10	and	beautiful	broke	ever	heart	later	loving	regret	relationship	reminds	ruined	song	this	transparent	woman	wonderful	years
along	amazing	blessed	curled	dad	deep	fathers	give	glad	he	lap	life	love	loved	mary	miss	much	mum	receive	remember	sat	shared	showing	singing	song	still	sung	thank	together	voice	welsh
days	great	happy	memories	reminded	song	usa	youthful
baritone	could	everytime	golden	growing	hear	heard	makes	nostalgic	swoon
11	adults	announcement	around	aunt	came	died	elvis	family	go	kitchen	old	remember	shock	shocked	standing	tv	watching	years
child	miss	mum	reminds	rip	sing	song	sweet	used
brings	eyes	many	memories	songs	tears
45	67	alive	bought	came	favorite	it	memories	mom	motown	record	song	sound	still	the	this	well	yo
19	back	brings	came	good	memories	song	time
black	college	fantastic	first	group	guys	heard	probably	radio	soul	steve	teens	thought	time	winwood
60	70	fantastic	good	rock	times	years
14	17	boot	fantastic	first	heard	mono	radio	stereo	steve	winwood	year
back	brings	memories	sure	thats
francisco	great	san	song	time	way
died	laura	love	miss	much	name	wife
16	clearly	dancing	mama	remember	song
always	dad	everyday	hearts	laura	longer	mum	name	remains	sing	song	this	us
80s	depressing	early	ever	heard	kid	mum	my	remember	song	tape	thing	thinking
always	back	banger	cars	great	lorry	meeting	played	race	racing	times	used	way
11	always	away	cd	grandad	learned	listens	lost	love	miss	my	passed	sadly	words
1993	back	como	from	in	italia	laura	memories	my	thank	to	turn	you
beautiful	lovely	made	remember	thank	us	video	what	work
always	bring	changed	daughter	dont	even	eyes	growing	hear	im	know	late	later	leoni	life	mum	name	obviously	one	play	radio	remember	she	sing	stuck	tears	teens	thats	toddler	tunes	used	would
dad	dads	favourite	he	last	lost	one	reminds	singers	song	this	year
absolutely	artist	come	favorite	grandfathers	great	jim	love	memories	music	reeves	thank
beautiful	dear	distant	drums	first	jim	maybe	memory	music	reeves	the	unforgettable	voice
banned	bonnie	lies	lol	ocean	personally	radio	sad	sadder	school	sing	think	used
1960	big	charts	hit	it	memorable	no	one	teenager	wander	weeks
back	brings	good	lol	memories
14	20	90s	ask	best	bullshit	called	contact	courage	early	ever	facebook	first	flowing	found	friends	girl	got	happily	joking	kids	later	laura	living	long	love	married	messages	met	my	never	old	part	plucked	separate	time	true	ways	went	year	years	young
blackstone	crossroads	laura	lived	remember	wonder
beautiful	child	dad	love	much	my	oh	reminds	sing	song	use	voice
forget	gon	jim	love	memories	music	na	never	sad
along	grandad	grandparents	hearing	jim	loved	music	nan	reeves	remember	reminds	rip	singing	songs	young
back	different	experienced	head	lot	shoulders	things	wish	would	younger
back	bring	love	memories	songs	yesterday
caretaker	embarrassing	everyday	find	life	men	need	old	sang	school	sing	sweet	the	tommy	usually	would
ago	also	check	choice	completely	composure	could	favorites	funeral	grandad	guess	hit	home	in	it	kept	lost	makes	mary	melancholy	my	named	nan	one	peaceful	perfect	played	quite	really	relatively	service	song	soon	started	there	thinking	this	throughout	uplifting	us	utterly	year
ago	chronic	constant	danced	dancing	engaged	got	he	husband	jim	like	listen	live	love	mining	much	one	pain	passed	reeves	reminds	sing	song	worked	world	years
age	alive	back	brought	father	feelings	kid	listening	living	lot	man	mum	my	old	parents	played	prime	teen	younger
73	alive	back	good	lord	take	time
20	21	3rd	acknowledge	ago	also	anita	anna	back	damn	depending	gf	grocery	hooked	house	knows	last	like	live	macias	might	moment	mother	mothers	name	oct	old	ran	reconnected	remember	see	store	think	tv	watched	whether	year	years
73	around	elvis	king	late	let	mother	old	stay	talk	true	watch	years
believe	day	hard	less	passed	re	we	years
always	bedroom	days	deep	elvis	etc	ever	forget	good	his	looks	oldie	posters	remember	singers	surpass	tuning	videos	voice	wall	wonderful	younger
58	booth	bought	changed	chemist	listening	local	oh	remember	times
back	brings	happy	heard	it	memories	schoolboy
1965	2018	25	53	60	78	back	band	called	days	decca	fun	gets	golden	good	got	great	heard	hello	included	june	just	knows	list	lost	made	might	miming	music	net	old	our	play	played	presidents	radio	recording	reflection	released	rock	romance	singing	takes	the	together	trend	video	years
great	it	time
6pm	back	become	big	called	channels	dances	even	from	going	great	group	hear	home	hurry	kings	life	local	never	one	played	remember	school	sing	star	teen	teenage	the	think	those	times	tv	used	we	went	would
31	ago	back	brings	dad	died	ever	get	good	greatest	listening	ll	lovely	memories	mum	rip	start	today	voice	years
angel	blue	christmas	every	favorite	gram	happy	lps	orbison	play	roy	stereo	times	used
16	aunt	back	brings	cousin	cute	dum	everywhere	favorite	go	haha	little	lonely	lot	memories	my	orbison	play	roy	singing	song	used	yeh
concert	got	mom	old	pictures	took	visited	ya
awesome	bro	brother	cat	died	greatest	hear	in	memory	music	roy	stevens	thats	think	though	tie	whenever
always	bless	dad	god	reminds
50	60	best	days	live	memories	one	rubbish	songs	these	times
beautiful	nostalgia	so
fantastic	grandparents	listening	memories
girl	listened	little	lot	loved	song	thanks	when
album	boyfriend	first	loosing	voice	wore
ago	asked	could	decades	developed	different	done	from	he	impossible	interview	learned	like	never	nobody	person	probably	remember	roy	said	sang	someone	something	style	tell	told	would	young
1988	able	appreciation	away	but	came	could	drop	enough	every	father	front	growing	hear	heard	lucky	mum	music	my	november	passed	pin	play	row	roy	said	sang	seats	see	she	since	thank	time	times	uk	unfortunatley	weeks	went
able	back	done	fantastic	great	hear	like	live	lot	many	past	quality	revisit	singers	songs	superb	thanks	to	took	treasure	video	well	what	years	youtube
able	also	anyone	artist	charts	country	crossed	grows	happened	how	impeccable	love	music	never	old	perfection	pop	pure	record	remember	shot	song	sung	technically	unforgettable	well
ago	back	country	love	many	music	oldies	takes	these	years
days	grannys	love	music	old	party	reminds
40	50	60	anything	great	kid	lou	loved	nc	never	raleigh	song	thought	top	what
45s	always	bursting	country	day	favorite	gave	girl	grandmom	happy	heart	hello	home	honey	house	little	love	music	one	playing	remember	said	she	songs	take	this	time	walls
country	first	girl	hearing	little	remember	song
days	end	good	never	old	thought	yes
1985	86	country	favorite	great	help	it	kid	love	one	please	sing	song	soulful	sweet	this
ago	holiday	lovely	parents	reminds	times	years
apply	back	brings	lots	memories	navy	song	still	the	this	today	words
child	remember	song	thank
grew	hall	like	loved	party	rock	roll	songs	still	teenager	town
1950s	1960s	grand	growing	listening	music	ole	opry	remember
60	70	at	entertainment	forward	late	least	lip	live	look	singing	started	this	weekends
remembering	young
girlfriends	great	jukebox	radio	remember	thank	time	wow
love	remember	song	young
back	brings	great	memories	song	such
away	back	days	oh	ya	yes	young
good	mama	memories	sing	song	used
1979	asked	bar	barbados	barmaid	bought	coffee	day	dec	disc	europe	first	hank	heard	in	label	lp	middle	name	next	paper	pickwick	postings	rare	remember	singin	song	store	thanks	the	time	unknown	with	wrote
ago	brought	country	kind	long	music	this	time
beautiful	ever	great	hank	locklin	loved	memories	since	thank
chair	clack	clipy	daddy	go	love	old	rocking	sing	sleep	song	use	would
days	first	getting	hear	heard	just	much	songs	thank	time	unbelievable	yokel	younger
country	fed	figure	force	go	kid	love	music	now	old	remember
back	takes	years
dad	mom	omg	reminds
as	days	eyes	gives	gold	grew	love	old	recall	song	tears
57	child	country	hood	music	really	remind	weeks	years	yes
admit	back	brings	come	eyes	know	love	makes	memories	song	water	you
calling	child	country	find	grandparents	hate	hillbilly	like	love	music	parents	played	reason	rock	singing	song	time	whatever	wish
artists	black	great	miss	much	night	saturday	seeing	sharing	sure	thank	tv	white
around	dad	delivered	heads	lovely	message	minutes	music	play	records	remember	ring	singer	song	songs	still	thumbs	unbelievable	up	used	voice	well
as	beautiful	bed	child	dad	dancing	even	feel	imagine	miss	place	sick	sing	still	would
back	brings	dad	dancing	great	like	lt	many	memories	mom	music	play	remember	sad	song	stories	today
55	dancing	love	mother	now	parents	passed	posting	remember	song	thank	watching	wedding
childhood	days	reminiscing
10	30th	70	ago	august	away	great	learned	memories	memory	mom	passed	roller	skate	song	thank	years
childhood	lovely	memories	such
dad	days	everyday	family	good	happiness	love	memories	music	song	teen
62	ago	always	dad	married	miss	much	mum	passed	reminds	years
back	dad	day	drinks	family	friends	get	great	loved	mum	reminds	songs	times	togethers	would
dance	definitely	reminds	school
40yrs	ago	always	beautiful	club	engelbert	last	listening	night	remind	song	the	waltz
always	back	brings	childhood	good	grandma	grandpa	kind	love	makes	memories	miss	ol	songs
dad	happy	loved	memories	mum	music	playing	radiogram	records	when
back	bad	beautiful	brings	but	good	lot	love	memories	some	song	still	this
childhood	dance	end	forever	great	last	lingers	listen	mind	must	nice	song	still	the	waltz
grandparents	listen	lyrics	much	old	play	reminds	seven	song	strange	this	understand	used	years
dancing	grandparents	hope	memories	still	sweet	wherever
charge	church	got	liked	much	person	play	played	remember	song	wedding	went
70	around	aunts	dance	end	floor	late	man	mid	old	older	receptions	reminds	song	this	twirling	uncles	wedding
back	bring	childhood	engelbert	humperdinck	love	memories	songs	thank
1968	back	beautiful	dance	gramophone	griffiths	instructions	memories	mrs	played	primary	school	shouting	song	student	taking	teacher	this	us	waltz	would
already	always	because	best	but	ca	dad	dance	danced	daughter	even	first	gone	hand	hands	happened	heart	high	hold	hug	junior	last	lend	love	memories	miss	much	night	papa	played	prom	remained	remember	saying	school	senior	song	that	thing	this	tight
70	boyfriend	good	memories	my	sentimental	song	theme	yahooo
1960s	always	bus	days	fairground	girl	go	happiest	happy	innocence	largs	life	little	loved	mum	pal	playing	remind	song	this	trip	used	waltzers	we	went
60	beautiful	great	late	memories	song
ex	girlfriend	reminds	song	this
days	good	love	old	remembering	song
always	back	bedroom	kitchen	life	mother	playing	radio	sun	sunset	sweet	takes
day	friend	old	remember
1970	british	club	days	happy	legion	loved	people	reminds	song	this	tranent
60th	anniversary	beautiful	danced	diamond	forever	last	memories	parents	song	such	wedding	weekend
1969	danced	exact	good	memories	record
ago	dad	died	hear	miss	much	my	play	reminds	song	used	years
beautiful	nostalgic	song
2016	always	back	beautiful	brings	daughter	died	happy	mant	memories	miss	song	wonderful
back	brings	ever	marvelous	memories	song	tastefully	were	what	young
amazing	era	fell	grow	listening	love	lucky	memory	music	thanks	wonderful	you
anymore	blast	house	like	little	make	past	playing	remember	song	they	this
15	20	far	favorite	old	so	when	years
11	15	1927	2009	april	dancing	feb	jensen	june	living	mom	remembering	room	song
2019	always	anyone	dad	remembered	sing	song
also	blasting	child	elvis	frank	full	gospel	grandma	grew	house	jones	love	mother	music	our	passion	presley	sinatra	this	time	tom
ago	another	dad	find	girlfriend	guy	kid	left	long	me	my	one	sad	song	this	time
funny	girl	kid	old	remember	singing	song	thought	young	yrs
everytime	granddad	his	love	phenomenal	reminds	voice
every	mother	played	remember	song	sunday	wonderful
1977	always	kid	like	really	reminding	song
always	anytime	careful	daddy	favorite	hear	if	miss	music	remember	song
1968	engelbert	glad	grew	high	loved	music	real	released	school	song	was
coming	daddy	father	hang	home	loves	much	next	omg	philippines	reminds	song	year
20	child	grandfather	grandpa	heard	heaven	reminds	song
feel	great	it	listened	love	make	missed	never	people	place	rewind	something	tried	wish
2019	flashback	gone	july	memories	remains	uncles
always	bottom	cause	creator	every	everything	father	granddaughter	happy	heart	know	law	miss	music	papa	re	remember	right	thanks	time
every	many	memories	so	song
album	childhood	engelbert	humperdinck	list	play
back	brings	closing	days	eyes	forever	help	just	lost	memories	nothing	play	relive	remove	songs	those	us	yesterday
2018	childhood	like	miss	pops	someone	song
as	beautiful	memories	one	self	song	stirs	written
am	and	as	back	better	can	day	did	fantastic	go	heart	in	is	it	make	my	now	on	or	person	place	radio	relive	so	song	sounds	special	the	then	time	to	was	way	when	your
back	bring	lonely	memories	partner	please	sin	someone	sweet	voice
1975	back	love	memories	song	take
amazing	back	blast	buried	come	deep	growing	heard	it	like	memories	mid	mind	past	power	real	seventies	something	song	suddenly	surface	takes	this	time	transport	wow	years
amazing	back	child	damn	every	everything	feel	felt	gave	good	happy	like	makes	memories	ok	parents	remember	reminding	secure	sharing	song	thanks	world	wow	yet	young
childhood	right	thats
age	fantastic	lane	memory	never	omg	replaced	take	talk	trip
almost	childhood	happy	lovely	memories	posting	song	such	teary	thanks	vivid
70	back	band	catchy	favorite	great	magic	right	takes	think	though	track	tune
ago	brothers	childhood	good	long	memories	remember	sisters	thanks	time	uploading
back	classic	days	like	make	nowadays	pilot	song	songs	takes	thanks	younger
back	dream	gone	great	happier	look	miss	moments	times
back	bringing	comparison	day	feel	fore	kids	knew	looks	mattered	modern	music	musical	never	nostalgic	offerings	pale	real	realize	thank	time	today	youtube
closing	days	evokes	front	future	life	memories	old	spend	the	time	twenty	wishing	wonderful	years
50s	mid	suddenly	teenager
25	afterwards	attendance	attractive	away	called	dairy	disco	drive	driver	drivers	enjoyed	equipment	especially	fork	great	help	how	john	ladies	lift	london	lot	lovely	memories	mobile	old	one	pack	parties	ran	set	sloop	song	stay	take	these	this	truck	turn	used	various	west	worked	years	young
ever	first	many	memories	my	record	thanks
70s	as	child	drop	emotional	makes	middle	pilot	simpler	songs	time
back	could	days	go	wish
back	brought	glad	memories	my	pleasure	southam	thanks
back	birthday	brings	buying	first	many	memories	record	remember	sister
49	ago	love	remember	song	still	thanks	uploading	years	young
beautiful	brings	childhood	memories	part	pilot	songs	thanks
childhood	love	reminds	tune
always	aunt	ever	grace	great	hear	remind	song	this
amazing	anthony	beautiful	clich	concerned	full	memories	song	time	walsh
12	also	back	ca	caught	days	different	early	even	eye	get	girl	incurable	issue	it	know	later	look	loved	months	motown	platform	play	realize	reminds	rock	romantic	think	though	undergraduate	vividly	woman	young
14	21	30	ago	another	anyone	cheated	dad	dated	else	ever	has	he	his	is	let	love	man	married	marry	mary	mother	my	name	naver	not	old	on	or	passed	she	song	this	thornwell	wait	was	years
20s	62	captivating	could	dad	god	hi	holgmany	house	karaoke	like	mid	mum	new	parties	remember	rest	sang	song	soul	used	wish	years
1997	59	aged	around	australia	belfast	both	child	died	drinking	incurable	left	missed	mother	murray	my	romantic	ruby	sadly	she	sing	smoking	soon	sydney	time	used	victim	world
ago	bless	brother	heartthrob	innocent	life	much	older	ruby	she	simpler	years
20	another	are	awake	barrack	bond	favorite	fellows	heard	listen	nights	one	played	room	said	stay	sunday	ted	tooting	top	used	version	we
60yrs	ago	dad	days	fast	go	gram	great	magical	masters	moments	mum	old	putting	radio	remember	time	voice
13	died	favorite	mums	song
76	aussie	back	brings	fan	from	great	keen	mad	memories	old	sure	wow	years
like	listen	looked	loved	mom	my	sing	sounded	young
1950	58	8th	along	back	basco	beginning	brother	fellow	ginnie	ginny	going	grade	graduated	happy	havu	his	knew	like	maddox	much	my	name	nickname	older	sang	skip	skipper	song	spelt	still	students	teenage	together	virginia	walter	years	young
beautiful	brewer	cleaning	growing	hearing	house	like	mom	my	really	remember	she	sing	song	sounded	teresa	use	voice	would
father	love	page	patti	reminds
72	bought	days	first	good	im	old	out	reach	record	remember	still
75	how	last	like	made	many	my	playing	songs	still	todays	youth
big	brewer	fan	father	great	kinda	lady	loved	much	my	named	partial	sharing	songs	teresa	thanks	voice
amazing	billy	darling	great	hear	heaven	jillian	least	log	place	playing	singer	still	thank	us	voice	week	whole	wide	wish	wonderful	world	you	youtube
billy	eckstine	feel	full	hearing	melancholy	memories	nostalgic	sing	song	voice	warm	what
billy	cardiff	concert	eckstine	love	met	see	sixty	still	together	uk	wales	went	wife	years
gem	made	memories	posting	share	superb	thank	you
back	takes	teen	years
1950s	alive	beach	best	bet	billy	boy	early	eckstein	golden	great	he	island	lido	live	long	parents	room	see	sounded	sounds	standing	still	took	tour	voice	when	young
50s	back	bye	club	days	good	impersonate	kyrill	morgan	mr	old	trinant	use
50s	back	family	lovely	nostalgic	sing	singer	song	songs	takes	used
along	boone	came	clearly	danial	door	ed	first	green	hear	hilarious	oddly	radio	remember	voice
1962	ames	boone	born	character	connect	dad	daniel	ed	later	mingo	much	my	niece	playing	quite	remember	series	sing	song	well	would
1989	around	born	dance	daughter	first	hold	house	know	memory	months	precious	sing	song	stumbled	sweet	used	wonderful
almost	ames	carson	ed	hilarious	it	johnny	lost	manhood	remember	show
2002	always	being	generations	grandparents	head	loved	my	passed	play	since	song	stuck	would
61	beautiful	born	child	clever	grandfather	lyrics	my	sang	voices
actually	baby	chorus	dad	daughter	ever	first	haha	heard	my	sharing	sing	song	step	thank	this	time	used	ve	video	whole
55	born	first	literally	memory	one	songs
2015	back	beautiful	brain	comes	days	embedded	fifty	filtered	flooding	granddaughter	grandsons	later	little	nine	old	parts	since	so	song	subconscious	this	three	ve	wonderful	years	yes
26	adore	baby	back	beloved	brings	daddy	father	heaven	high	kisses	listen	listens	my	remember	song	still	thousand	times	used	years
beautiful	happier	reminder	safer	sincere	times
50	60	computer	ever	experience	great	it	no	one	play	sit	song	time	today	well	what
back	could	covey	emotion	female	fifties	lyrics	singers	sixties	such	sweet	today	voice	wish
1952	beautiful	born	entirety	hear	lullaby	mum	my	sang	so	song	wonderful
dad	day	every	just	miss	much	mum	reminds
17	another	army	bitter	exact	first	home	it	join	left	memory	morning	old	playing	radio	really	record	story	sweet	time	turned	years
always	away	boy	came	children	ever	fortunately	going	goodbye	heard	jimmy	kid	later	married	my	named	never	older	passed	raised	sang	say	sharing	since	sister	song	started	steady	thanks	they	two
23	age	back	brother	crying	died	hearts	jimmy	name	never	stopped	want
always	billy	boy	brother	far	felt	got	happier	heard	it	jimmy	little	long	lullaby	mother	much	my	nickname	nicknamed	nonetheless	one	sad	sang	sharing	since	song	thanks	tyke	upbeat
beautiful	brought	danced	eyes	girls	god	hurts	listening	many	million	miss	song	tears	terribly	thanks	thinking	tune	uploading	years
94	ago	bless	dry	fifty	going	hand	have	heard	look	mangle	mum	old	putting	see	seven	since	still	strong	us	washing	year	years
child	cry	funny	made	played	she	sister	thought
cry	girl	little	my	older	play	see	sister	song	used
could	friend	good	july	left	miss	see	still	wish	years
10	badly	could	died	even	get	gone	jimmy	life	may	miss	see	still	though	try	well	wish	years
13	appeared	enjoy	lovely	much	posting	song	thank	wanting
days	lovely	reminds	usa
beautiful	miss	remember	shows	tv	voice	watch
1950s	dickie	good	lovely	memories	remembered	singer	still	valentine
50s	good	great	listening	nostalgia	singer	song	times
asset	consider	corn	crooner	dickie	earned	entertainer	favorite	good	great	guy	like	lovely	make	microphones	missed	music	near	period	rip	sadly	silk	singer	this	today	voice	what	when	words	writers	writing
6rtr	germany	happy	memories	munster
absolutely	beautiful	ernie	feel	ford	forgotten	hear	lovely	makes	never	past	song	voice	whenever
brilliant	brings	memories
beautiful	crazy	great	like	mother	play	post	reminds	she	song	such	thanks	used
1954	55	afn	army	every	germany	great	hdqrs	hit	luxembourg	night	played	radio	seventh	stuttgart	uk	us
back	brings	happy	memories	younger
always	believe	ca	crying	dad	gone	life	long	loved	man	mom	oh	posting	sang	singing	thanks	write
always	back	broken	copy	favorite	fifties	found	got	mine	pleased	put	song	thanks	way	youtube
age	days	high	reminds	school	song	this	wonderful
dad	every	miss	morning	my	parents	played	saturday	song
beautiful	every	hear	kind	listen	miss	mom	morning	much	song	sunday	used
16	1963	great	old	song	youth	yrs
back	bring	could	know	missing	must	people	sing	wish
clasmate	danilo	first	heard	old	song	years
10	50	60	back	brenda	dear	early	emotions	hearing	late	like	old	records	thank	time	turn	voice	wonderful	year	you
1963	boat	bye	decades	first	heard	holds	missed	numerous	still	strong	time	way
back	could	days	listen	lovely	many	meaningful	old	performing	see	songs	time	turn	wish
beautiful	end	nostalgia	song	the	world
12	1963	brenda	in	lee	old	pretty	remember	voice	well	years
back	beautifully	bring	classical	hauntingly	song	songs	what
back	beautiful	every	hearing	melody	sends	so	time	tune
10	11	booming	first	foley	gal	introduction	old	red	remember	sure	tv	voice	year	years	young
flies	oh	time	wow
anything	back	backwards	childhood	currently	enriched	era	exchange	fact	forwards	garbage	goes	going	in	issues	kids	lives	matter	music	no	played	previous	teen	terrific	this	tune	wise	would
1963	back	high	sad	school	senior	song
13	1963	explosion	happening	music
brenda	davis	exposed	grew	know	listening	skeeter	song	soul	version
brenda	childhood	crush	first	lee	lol	older	she	two	years
10	back	big	bless	chart	found	god	later	my	old	played	sad	sister	sisters	song	still	take	time	why	years
artist	brilliant	everlasting	great	greetings	ireland	music	youth
davis	first	hard	heard	remember	skeerter	time
2006	broke	left	played	radio	sixties	song
day	ends	every	guess	human	knowing	listen	literally	little	lots	meant	nostalgia	not	reasons	someone	song	suppose	toddler	used	world
away	beautiful	cancer	early	growing	lord	loved	miss	much	passed	reminds	sister	so	took	young
beautiful	great	many	memories	much	so	song	thank	this	video
back	bring	like	listening	memories	miss	music	radio	thankful	wonderful	youtube
50	ago	apart	back	clock	could	drifted	gail	listening	love	miss	much	still	turn	years
all	film	grow	hit	knowing	make	never	passed	sad	stars
2019	70	asking	better	bringing	childhood	it	listening	lived	memories	radio	really	seirus	station	still	what	world
2019	60s	70s	back	childhood	listening	november	really	remembering	songs	take	these
another	do	dreams	kind	know	magical	mesmerizes	nostalgias	song	soul	spell	takes	word
fav	it	late	lonely	love	memories	reminds	she	sister	songs	us	used
dad	remember	singing
16	1963	cry	makes	youth
adore	nostalgic	song
1963	63	accident	also	and	avery	bad	basketball	big	brenda	champs	dear	devistating	died	ever	every	friend	girl	good	got	graduation	grandfather	great	high	junior	kennedy	lost	never	night	part	president	school	second	senior	she	shoot	since	singer	small	songs	state	well	year
absorbed	every	knew	may	sang	sleep	understood	word
enough	liked	meaning	music	old	song	thank	understand	young
across	always	back	best	cement	child	great	hardened	heard	long	really	since	song	stumbled	takes	ve	version	wet	world
1963	50	back	barber	ca	came	cents	dad	go	haircut	home	like	lunch	morning	no	paid	plus	saturday	shop	sitting	snowy	sounds	tip	waiting	went	winter
and	dedicated	first	heard	love	music	tara	this	young
lovely	nostalgia	pictures	sad	sweet
60	back	come	early	omg	please
11	2014	back	car	grandfather	heaven	music	play	reminds	still	way	would
56	memories	much	so	years
always	brother	elder	fantastic	it	listen	old	play	popular	song	years
angst	challenges	child	days	good	life	old	play	real	teenage	the
1992	2015	55	71	age	dad	day	died	every	in	loved	miss	mum	my	old	parents	song	they	witch	years
13	old	remember	song	years
always	and	back	cruise	dad	dances	everything	generation	goes	head	hear	living	love	mom	moms	passed	reminds	song	the	they	this
away	first	grade	hope	kind	life	love	maggie	man	moved	oh	shortly	song	th
34	are	back	best	brings	came	car	good	hear	im	like	love	memories	old	oldies	others	song	songs	station	would	years
back	bring	time
60s	70s	80s	bodies	bouncers	childhood	dances	drugs	favourite	girl	gone	great	hear	high	it	just	know	long	love	missing	money	music	mutilate	night	park	parties	piercings	police	refreshing	respected	rock	school	songs	spend	summer	tattoos	tenderness	the	there	today	we	wonderful	youth
all	anybody	back	came	days	did	feel	got	never	ooh	pain	reminded	school	sweet
away	best	boyfriend	first	friend	kept	playing	reminds	shame	song	stole	this
beautiful	childhood	song	woman
boarding	came	children	choice	comes	day	due	felt	grandchildren	hear	heard	hoping	just	like	looking	mind	money	mother	never	now	old	school	sharing	she	song	still	thirteen	visit	windows	years
back	bring	but	days	go	good	never	old	song	sure	you
back	brings	dumped	emotions	first	full	girlfriend	loss	song
40	childhood	first	hit	remember	the	top
evokes	happy	many	memories	thanks
memories	miss	old	yes
13	1960	age	ageless	already	appreciate	artists	at	beautiful	connie	francis	great	knew	love	many	my	others	parents	sing	song	songs	taught	us	used
ago	boy	high	it	long	remember	school	young
beautiful	changed	every	glad	gorgeous	handsome	history	human	humanity	knew	men	movies	music	must	people	pity	say	this	time	well	wise	women	word	worse	youngster
away	best	heart	lonely	love	medicine	oldies	ones	parents	passed	remember	song
marvelous	moments	much	nice	remember	thank
back	brings	happened	memory	music	this	voice	what	wow
better	bless	brenda	child	days	god	great	happy	lee	life	make	marvelous	may	memories	singer	thanks	you
best	favorite	feel	love	makes	million	old	songs	thanks	today	young
beautiful	heart	it	nostalgic	sounds	voice
believe	ca	came	forgive	heard	instantly	loved	missed	never	radio	song	today	years
missed	young
ate	back	brings	memories	miss
ago	always	boy	come	father	find	it	little	memories	now	really	some	song	years
2018	beautiful	even	marvelous	moments	remember	song	thanks	what
2018	dear	good	great	like	listen	passed	remembering	sironaca	song	thanks	time
forgot	memory	now
cared	listen	singer	teenager
back	bringing	days	happy	memories	wonderful
67	always	heard	love	loved	mean	much	older	song	still	years	young
17	1962	56	ago	along	friends	going	in	it	korea	lyrics	memorize	old	popular	sing	singing	song	songs	speakers	town	years
12	1963	after	alabama	allowance	anything	brenda	buy	case	cent	could	earnings	earplug	else	every	everyday	fair	got	greater	gulf	in	japanese	lee	little	love	meet	minute	mobile	night	old	one	performance	performed	played	radio	records	single	sleep	songs	state	stayed	think	transistor	went	years
1963	dates	days	doze	early	get	hope	it	listening	lovely	really	right	school	snow	snowy	song	south	upper	us	used	winter
back	bring	catchy	music	nice	simpler	times	tune
awesome	back	brings	memories
14	15	around	contest	danced	dancers	days	early	love	my	old	part	party	philippines	really	reminds	romantic	sister	song	think	time	years
childhood	memories	passed	stays	years
always	everyone	love	made	memories
70	benson	childhood	great	reason	reminds	robbie	song	this	tune
back	brought	days	great	sears	song	thanks	wow
miss	oh	simple	times
backlash	could	days	good	like	old	peers	social	song	the	worry
age	dad	english	even	first	know	learned	like	oh	old	play	remember	song	though	used	years
70	early	flood	germany	memories	mind	stationed	usaf	wow
brought	child	commercial	memories	remember	song	sweet	tv
ex	it	love	reminds	rides	sunday
back	brings	childhood	great	memories	song	this
although	cupcakes	day	film	hear	hot	it	like	long	love	mellowed	nostalgia	really	reminds	saw	song	soundtrack	summers	teenager	this	time	used	wanted
another	classic	memories
40	ago	back	brought	like	memories	really	remember	sears	song	well	words	years	yesterday
days	evokes	gone	makes	memories	old	song	timeless	yearn
as	back	come	day	distant	gone	hearing	hope	however	karen	lives	long	lost	loved	memories	miss	music	never	new	ones	past	remember	song	think	totally	us	years
ago	another	chinese	day	deeply	english	first	forget	heard	listening	memory	music	nearly	never	one	remember	say	small	songs	still	teenager	time	town	twenty	two	years
1970	70	am	backyard	childhood	great	kind	memories	miss	mom	music	my	outside	patio	playing	radio	sitting	softly	stations	sun	wonder	years	young
back	band	good	great	like	round	someone	sound	times	wish
70s	awesome	cant	go	great	kid	knock	loved	time	times
every	father	heard	memories	morning	mother	song	sung	woke	young
albums	back	brings	friends	listening	precious	teen	years
great	kid	little	makes	remember	song	still	this	times
brings	oldies	past	tears	times
great	group	holds	loved	memories	music	still	wonderful
aunts	dance	house	livingroom	miss	play	really	record	song	stereo	would
16	came	good	incredible	memories	wow
1976	but	certainly	dances	find	hard	heart	love	makes	many	memorable	my	one	records	smile	so	stand	this	tracks	year
back	lady	reminds	song	special	takes	this	way
70	back	brings	definitely	great	memories
1977	9th	fell	first	grade	graduation	high	john	jr	love	loved	real	school	song	summer	the	wannamaker	year
19	australia	brings	camping	cassette	deck	fishing	get	gets	glimpses	life	lonely	love	memories	music	north	nostalgia	old	older	passes	past	playing	quickly	remote	sometimes	though	twin	western	year
76	back	conversation	dance	days	drink	fantastic	hold	intro	loved	miss	mobile	people	phone	really	right	seen	song	summer	takes	what	when
college	dream	got	graduated	great	had	ibm	job	memories
marvellous	memories	miracles	music
chester	childhood	heart	love	pa	reminds	song	sweet
70s	back	box	bring	cd	damn	danced	day	every	good	kid	like	listened	room	songs	times	used	world	worry
and	days	get	hearing	homesick	miss	oldies
40	angel	brings	comparing	girl	good	idea	it	like	listened	long	loved	many	memories	merry	much	nice	one	perhaps	really	songs	time	times	very	year	years	yester
14	45	beautiful	disc	every	get	got	home	many	old	penny	played	player	record	remember	rpm	save	song	times	when	years
back	good	many	years
beautiful	listening	many	memories	so	song
dad	driving	first	good	grade	man	memories	music	old	playing	remember	riding	school	son	way
28	back	beach	brings	car	day	fell	felt	good	grandma	heard	it	listening	love	memory	old	remember	song	summer	sunny	thats	this	years
12	1976	70	aged	belts	best	disco	ever	funfair	holiday	it	love	minehead	my	nearly	no	one	records	reminds	safety	spinning	summer	thrown	waltzer
artists	back	brings	great	group	many	memories	song
18	1976	back	listen	old	taken	want	whenever	years
actually	back	but	dancing	days	fun	soul	still	takes	this	train	watching
15	70	actually	air	angels	back	behind	best	blue	brand	called	crowd	eagle	entire	ever	fighter	flight	flying	heard	introduced	jet	large	life	little	man	new	one	perform	pilot	plane	played	routine	saw	show	song	speakers	strike	there	this	time	we	went	when
10	47	back	brings	good	like	old	wow	years
bbc	chicago	dancing	disco	great	memories
appear	generation	hear	make	new	nostalgia	old	really	song	songs	thank	want
2019	days	dec	good	greetings	listening	mabuhay	northern	old	part	philippines	reminiscing
20	extreme	karen	listening	longing	nostalgia	period	reason	rip	time	way
across	back	bring	times	yeas
beat	beautifully	cancer	carpenter	close	cry	favorite	forever	friend	hear	heard	hope	identical	joy	karaoke	karen	last	life	liked	lost	made	remind	said	sing	singing	song	songs	still	swear	talked	this	time	touch	voice	years
and	back	changed	gone	good	looking	makes	much	rather	sad	seems	so	times	today	years
best	childhood	ever	memory
awesome	listen	material	nostalgic	sweet	tune	very
boy	chinese	country	freedom	grandma	listen	mcdonald	missed	people	remember	song	time	want	world
kid	makes	song	this	want
back	childhood	lovely	memories	takes
always	but	carefree	cry	days	every	forever	good	it	kept	life	listen	makes	memories	old	places	remain	reminded	right	song	things	time
70	better	funner	less	miss	simpler	tech	times	world
2019	back	come	memories	my
reminds	song	this	young
brings	car	carpenters	good	hear	loved	memories	mom	my	riding	singing	songs	tunes
back	brings	childhood	everything	jeez	parents	song	this
70s	back	brings	early	good	growing	memories	times
07	1977	2019	august	carpenters	exactly	husband	in	many	memories	met	nice	radio	so	the	today	wonderful
57	back	fast	great	looking	makes	now	passed	sad	teenager	think	time	times
19	ago	cassette	cassettes	change	collection	growing	keeps	mom	no	nostalgia	playing	remember	tape	times	years
50	ago	back	brings	cry	license	song	years
2016	22nd	back	beautiful	daughter	days	happy	july	passed	remembering	song	takes
2019	29	back	brings	dated	girl	impossible	june	lane	listening	lot	memory	owed	pay	song	taught	today
beautiful	mom	my	nostalgic	sing	so	used
2019	29th	48am	dubai	full	great	june	memories	played	time	times	unforgettable
and	cried	elementary	feeling	first	flies	getting	listened	lyrics	quite	school	song	stronger	the	time	understand
cause	crying	dad	days	listen	old	reminds	song
15	brought	childhood	eyes	friend	listen	really	reminded	sang	school	since	tears	today
anymore	anything	ca	changed	fast	fix	innocent	it	like	makes	memories	oh	past	people	person	re	relive	sad	tears	the	things
50	60	70	alive	comment	common	days	everything	eye	find	gives	gon	good	goosebumps	got	ha	heard	if	internet	leave	ll	maybe	na	nostalgic	now	old	remember	since	sometimes	song	still	teary	this	those	years
2018	august	back	brings	childhood	cry	every	first	hear	heard	la	listening	many	memories	nonstop	sha	shines	since	song	still	time	woah	wonderful
arrangement	beautiful	boy	childhood	days	drum	her	it	lyrics	memories	oh	perfection	played	remember	so	sweet	those	voice
27	97	age	around	back	childhood	died	flash	grandma	memories	missed	she
back	beautiful	bring	childhood	days	floods	girl	happy	head	hear	hearing	it	little	lot	memories	played	playing	radio	recently	remember	song
2019	come	favorite	growing	june	nostalgia	song	this
absolutely	apologies	bad	blow	childhood	feel	grammartical	great	habit	heard	it	like	listen	love	make	many	melody	mistakes	my	now	relaxed	school	secondary	send	since	song	steam	still	student	time	voice	want
18	although	backseat	car	english	even	first	kindergarten	know	learned	means	mum	remember	sing	song	still	this	times	year
africa	days	east	kenya	reminds	song	teenager	this
1973	angel	away	back	carpenter	karen	may	mother	my	passed	rip	song	takes	time	voice
50	60	70	73	80	although	angel	big	but	called	contemporaries	course	day	every	friends	glad	graduated	great	hs	knew	love	loved	memories	of	oldies	sisters	song	songs	teen	thanks	well	words
16	1st	68	compare	fast	flies	hear	love	now	old	song	time	times
kindergarten	love	made	past	play	remember	song	teacher	when
always	childhood	reminds	song	this
12	51	back	boy	bring	changed	first	heard	high	junior	just	love	many	memories	much	school	smiles	song	still	tears	teenage	time	times
14	died	feel	grandmother	heard	little	makes	my	nostalgic	old	really	remember	remembered	sad	singing	song	years
along	back	bring	cry	grow	listen	listening	memories	see	sing	song
childhood	favorite	finally	find	memories	song	tons
back	loved	mp3	much	player	remembered	since	song
back	beside	childhood	go	hear	longing	radio	song	time
1973	64	but	feel	forever	greatest	hit	like	remember	september	still
always	childhood	days	everytime	kid	kind	like	listen	music	musics	parents	play	so	time	traveling	when
childhood	clearly	comeback	favorite	my	noise	omg	radio	song
amazing	childhood	every	feel	it	like	listen	listening	made	night	old	since	sleep	song	this	years
back	brought	cassette	classic	kid	listen	memories	much	so	song	used
1970s	back	days	early	elementary	school	takes
childhood	cried	day	every	forever	getting	healthy	loved	older	one	people	realized	return	sell	stay	ticket	want	way	who
2019	back	bring	hahaha	memories	nice	song
40	and	away	behind	beloved	friends	have	leaving	listen	many	memories	memory	my	nearer	of	passed	past	remember	song	still	this	unforgettable	which	while	years
beautiful	reminds	song	young
1970s	40	able	afford	ago	already	back	band	beautiful	break	brings	broadcasted	but	can	carmen	castes	childhood	china	classic	conservative	could	country	enough	faction	firm	heard	image	in	iron	it	love	memory	old	player	poor	rules	sing	songs	still	streets	strong	these	when	years
36	ago	could	cry	days	it	karen	lost	makes	painful	really	sadly	song	still	these	this	today	way	weird	wish	world	years	yesterday
baby	carpenters	childhood	damn	every	good	hit	lol	loud	lullaby	mum	old	sang	tape	times	yes
back	brings	favorite	memories	one	songs	time	top
anymore	back	beautiful	brings	childhood	memories	song	this
1973	46	along	always	beautiful	came	canadian	carole	dating	experienced	flautist	free	french	lives	music	never	others	place	radio	responsibilities	she	song	student	thats	time	transports	years	yesterday
30	ago	boy	long	mind	primary	romantic	school	song	time	years
deceased	nostalgia	sentimentality
best	kid	memory	my	song
miss	much	remember	song	still	young
12	beautiful	begin	girls	hear	remember	romantic	romanticism	said	song	thank	vision
behind	carpenters	could	dad	days	introduced	karen	left	memories	my	putting	remember	repeat	sad	stay	thank
car	childhood	listen	reminds	song	used
1974	album	always	around	arrangements	back	bringing	brothers	cathy	every	fell	floor	house	karens	listening	living	love	masterpiece	music	neighbor	none	player	pop	princess	record	remember	room	sat	second	she	singles	song	that	the	voice
40	ago	away	brother	children	hearing	listening	loved	music	passed	reminds	years	younger
first	forget	grade	heard	life	never	sixth	song	time
die	hard	memories	reminds	youth
back	beautiful	bring	childhood	happiest	memory	song
all	back	come	every	grew	heart	memories	nice	song	time	touches
back	brings	yesterday
could	decency	meaning	song	wish	yesterday
also	always	bad	childhood	come	listen	miss	old	sleep	when
childhood	cry	happy	made	miss	reminds	song	this	times
back	childhood	go	want
1973	45	along	australian	back	beautiful	cargo	coast	communication	composition	destination	first	headed	heard	it	melbourne	mesmerized	music	purchased	radio	reaching	receiver	record	rpm	sailing	ship	singing	song	station	store	style	suddenly	thing	unknown	way	wonderful
70s	back	fresh	give	missed	much	sadly	sounds	still	today
afternoon	always	cassette	mom	my	play	reminds	sunday	vibes
10	almost	everytime	first	kid	listened	piece	remember	since	time	years
5th	certainly	cried	elementary	english	favorite	for	grade	listen	radio	school	songs	sure	that	time	waiting	when	young
away	but	gone	it	like	listen	melted	re	songs	they	years	yesterday
1956	attention	back	beautiful	big	century	childhood	coming	desoto	everytime	face	father	first	grabbed	half	hear	heard	honestly	karen	later	left	liked	nearly	never	now	old	remember	rich	riding	say	seat	smile	song	soon	thank	there	truly	us	voice	wonderful	you
80s	every	good	happiest	hear	reminds	sad	so	song	the	time
back	beautiful	bringing	childhood	days	favorite	good	happy	it	karen	lots	memories	miss	much	old	one	reminds	singing	song	songs	thanks	this	wonderful	years
back	familiar	lyrics	old	rhythm	take	time
all	back	best	clearly	come	memories	song	with
actually	family	friends	reminds	song	this
1973	almost	back	beach	beautiful	brings	every	first	fl	ft	go	great	hear	it	memories	more	once	played	song	spent	this	time	two	vacation	voice	walton	we	weeks	yesterday
back	best	come	cry	even	friend	happy	long	lost	make	memories	miss	never	really	show	they	times	where	yesterday
back	best	brings	days	fond	golden	good	memories	old	top
also	bringing	cousins	didnt	drive	emotions	fill	get	go	gone	good	great	hey	innocence	karen	kids	lane	life	memories	memory	music	nuts	old	real	record	records	rip	sad	seems	soon	spin	trip	used	voice	weekends	years
changed	heart	if	life	line	lyrics	makes	much	rather	really	remember	reversed	sad	seem	so	song	strike	there	those	time	today	vietnamese	want	wish	words
back	beautiful	believed	brought	check	cover	day	feel	free	good	lot	many	means	memories	nice	ones	page	please	remember	school	singing	slow	song	thanks	this	time
childhood	cry	forever	make	memories	remind	young
back	brings	memories	mom	my	really	sing	used
1973	date	first	lingers	memories	my	singing	song
back	beautiful	bring	gone	grew	love	many	memories	music	one	shame	songs	this	types	voice
70s	growing	kid	reminds	song	this
1960	2018	40th	and	bkk	born	day	europe	friend	great	know	life	listen	love	missed	much	never	old	really	songs	still	such	till	time	use	years
20	close	could	ever	every	express	eyes	hear	last	listen	long	love	meet	missed	mom	reminds	singing	single	song	till	time	ve	words	years
always	back	bring	childhood	song	this
back	childhood	kid	mum	play	takes	use
1976	6th	back	brings	class	glasgow	grade	hansen	many	memories	miss	montana	my	played	songs	teacher	thanks	this	year
album	childhood	christmas	favorites	grew	listening	one	still	voice
brings	childhood	days	love	miss
all	back	best	clearly	come	memories
back	bringing	childhood	finally	found	hear	let	old	parents	part	radio	thank	years
always	heaven	introduced	listening	memories	mother	remember	song	thank
feeling	my	nostalgic	school	time
2018	all	amazing	back	best	clearly	come	listening	memory	more	natural	once	talent	very	voice	what	who	wow	yesterday
1970	beneath	carpenters	earpiece	guam	june	landing	landscape	late	memory	nice	playing	radio	remember	unfolded
around	child	dad	fabulous	how	memories	miss	mum	music	oh	seaside	trips
away	back	come	memories	old	please	take
age	anymore	beautiful	but	crazy	laugh	listened	love	makes	memories	miss	recall	songs	still	things	young
cry	days	listened	loved	made	missed	so	song	songs	strongly	understand
10	15	60s	back	brings	came	could	earlier	early	first	funny	listening	longed	look	memories	music	old	relate	remember	reminiscing	song	teenager	years	younger
back	brings	early	happy	left	memories	music	sad	us	you	your
40th	already	beautiful	get	it	song	when	wish	years	yesterday
album	back	car	could	finally	found	grandpa	japan	listened	many	oh	remember	shalalala	years
afternoon	beautiful	every	middle	miss	plays	school	song	this	times
days	every	listen	making	miss	night	song	stop	tears	time
30	after	back	best	brings	childhood	competition	days	emotions	ever	finding	forgot	growing	like	lived	memorized	one	past	singers	singing	song	tears	years	yesterday
early	flashing	hear	keep	memories	mind	seventies	song	whenever	wow
actually	always	back	brings	chinese	countries	different	english	fight	happy	humanity	kid	listen	loves	many	memories	mom	played	races	remember	said	see	something	song	still	till	together	ugly	understand	us	weeping	when
and	back	changed	gone	good	in	looking	makes	much	rather	sad	seem	so	times	today	years
cant	father	first	found	gradually	help	kid	listen	lyrics	many	music	passed	room	song	stop	tape	tears	understand	years
affordable	among	bought	brand	buy	cheap	cool	country	current	days	display	easter	egg	enough	even	feature	first	gather	go	higher	included	inside	it	lacks	listen	lyrics	managed	money	mp3	music	ones	play	player	remember	sadly	something	song	sorts	struggling	teenager	the	this	time	today	usb	when
expect	gives	goes	in	listener	memories	passed	past	quickly	recalling	serenity	silence	song	this	time	yesterday
and	appreciate	back	childhood	due	eighteen	eleven	family	first	great	happy	knew	listened	lyrics	melody	nice	pain	resonate	song	strongly	struggling	studies	ten	those	times	voice	when
alive	back	brings	felt	great	it	life	stell	then
ballroom	best	capital	dancing	disco	dj	edwards	friday	greg	jesus	london	lyceum	night	radios	remember	town
childhood	lots	memories
3pm	brother	busting	everyone	flick	friends	handball	high	home	neighborhood	playing	remember	saturday	shaw	song	tail	watch
birmingham	blades	days	good	old	reminds	silver	sundays	the
14	15	bar	barman	came	feed	jukebox	keep	knew	loved	much	never	playing	pop	time	uk
11th	2019	absolutely	always	back	brings	dad	day	forever	july	life	little	love	memories	miss	much	playing	rip	saddest	the
back	band	bringing	darlington	done	england	fabulous	great	lovely	memories	shirley	song	thank	well	what
1963	1965	1979	57	age	back	climb	comes	feel	go	hear	listening	little	machine	many	moves	music	people	press	respects	see	stuff	there	time	today	want	way
60s	amazing	born	came	captial	every	gold	grow	harmonys	listen	love	mum	music	song	sunday	years
1966	45	among	best	bought	certainly	day	exciting	faces	full	genuine	get	great	harmonies	hollies	it	music	never	old	perfect	perform	played	player	pleasure	record	rousing	singers	smiles	soaring	song	still	teenage	the	thirteen	tired	watch	wonderful	years
as	bobby	drumming	drums	elliott	great	heard	hollies	immediately	little	much	never	oh	older	perfect	playing	records	remember	say	singing	sisters	song	struck	teenager	that	tried	twenty	years	yes	young
carl	memories	nostalgic	thank
10	45rpm	bringing	brother	favorite	home	record	remember	yardbirds
away	back	best	brings	british	fast	great	high	invasion	memories	music	school	slipped	the
anti	beatles	beginnings	burn	doob	establishment	first	good	guard	guys	high	kids	listening	makes	memories	music	na	not	old	protest	revolt	school	singing	soldiers	sort	still	the	these	thing	wan	witnessing	yarbirds	youth
12	1966	ahead	cats	deserved	given	great	memories	music	musically	never	old	priceless	props	rightly	the	these	time	way	yardbirds	year	years
back	brings	love	memories	timeless
back	favorite	first	husband	met	never	now	song	takes	this	time
agree	albums	always	away	awesome	best	books	brother	elvis	ever	freaking	got	handsome	history	intrigued	library	made	man	millions	one	passed	peace	presley	read	records	rest	songs
air	great	lot	memories	play	popular	senior	song	summer	year
child	compassionate	confessing	every	feelings	filled	flashbacks	get	italy	living	lovers	song	southern	street
dad	heaven	kid	loved	miss	much	song	sung	used
car	dad	listening	old	remind	school	song	way	years
awesomeness	benson	brilliantly	george	glen	listen	love	many	memories	pure	sang	singing	song	take
every	forever	happy	love	memories	party	played	song	will	young
cassette	horrible	listened	quality	radio	recorded	recorder	remember	song	teenager	years
80	best	childhood	music	remembered
always	born	gentle	innocent	pure	sexuality	sing	singer	times	today	violence	way	why	wish
80	90	always	back	best	brings	ever	good	great	love	memories	music	old	song	such	youth
back	brings	dance	first	good	lasted	lot	memories	played	sister	song	this	wedding	years
1985	80s	back	brings	find	looked	loved	memories	released	song	swear
18	always	beautiful	fast	goes	listen	memories	song	time	years
17	1987	back	beautiful	brings	like	memories	much	old	song	years
1988	backyard	best	dance	friend	learning	remember	slow	song	summer
80s	back	beautiful	childhood	experienced	hahaha	happy	love	makes	music	one	so	song	takes	wow	years
40	80	90	back	brings	era	experience	glad	got	memories	mid	much	sad	so	teenager	years
anyone	back	best	clock	could	else	get	happy	knowing	life	live	ll	messed	never	rest	song	thing	this	turn	we	wish	you
back	bring	build	can	machine	music	must	need	please	someone	time	we
ask	back	damn	dance	dances	high	jr	nerve	school	someone	takes	working
32	first	love	loving	many	memories	met	mine	never	reconnected	song	stopped	years
80	back	change	feeling	gon	love	na	nothing	song
1980	car	forget	happy	kill	lady	love	makes	miss	never	song	think	this	together	wreak
actually	boys	call	date	girl	happy	how	jobs	life	like	living	longer	love	make	marriage	mattered	money	now	path	phone	place	romance	sad	seemed	taken	things	time	value	worth	would
classics	days	favorite	one	reminds	song	this	timeless
beautiful	brings	first	heard	love	memories	met	song	the	time	today	what	wife	woman
back	brings	childhood	good	love	memories	song
all	brain	childhood	coming	great	life	memories	my	song	youth
17	1987	awesome	back	brings	hear	kids	lasted	memories	raised	song	still	this	together	wedding	wonder	years
18	1988	fond	form	it	leaving	memories	party	sixth	summer
80	best	boy	dancing	era	ever	girls	love	magic	one	parties	remember	song	songs	time	wonderfull	young
away	back	brings	family	felt	friends	great	heart	know	last	many	memories	moved	past	song	this	time	together	would
beautiful	close	cry	eyes	flashback	listening	love	memories	song	still	that	when
12	beauty	forever	gave	girl	innocence	love	man	oh	old	puppy	recorded	released	serenity	song	stay	swore	tape	time	year
17	19	1987	30	50	almost	beach	beautiful	brought	exactly	girlfriend	gives	incredible	lot	love	many	memories	mind	nostalgia	old	passed	running	song	time	video	watching	wonderful	years	young
80	90	best	life	miss	really	years
days	especially	makes	nostalgic	school
beautiful	brings	good	it	kind	memories	music	song	thankful	younger
17	although	always	came	ever	going	holiday	italy	know	loved	really	remember	restaurant	since	song	time	tv	ve
days	heard	man	memories	miss	song	stomach	turned	when
back	days	wish
back	bits	brings	chick	ever	get	gone	got	hats	live	love	never	old	phone	school	song	young
40	always	and	back	boy	brought	come	doe	eyed	fell	flies	future	he	his	innocent	knew	love	man	memories	must	name	never	old	optimistic	school	seemed	song	still	this	time	tv	watch	would	years
18	30	80	ago	back	better	first	high	love	music	never	nothing	school	sing	singing	succeed	sweetheart	true	try	used	years
beautiful	days	happy	holiday	listening	many	memories	miss	much	mum	reminds	song
first	girl	good	made	memories	mix	song	tape	this
80	anymore	back	feel	fun	glen	like	making	music	nostalgic	oh	recently	singer	song	sweet
80s	back	build	go	machine	need	time
grow	legendary	many	memories	old	so	wish
80s	always	back	best	brings	could	go	good	how	life	love	many	memories	music	time	will	wish
80	back	brother	drive	good	lake	reminds	reservation	roads	song	sunrise	this	times	use
80s	90s	back	boy	brings	changed	could	go	many	memories	miss	things	time	wish
14	1966	back	beautiful	brings	faces	fantastic	john	live	old	rip	scott	thank	version	voices	years
60s	absolutely	brilliant	brothers	came	escape	fire	handsome	luton	reminds	ritz	saw	song	teenager	the	walker	went	wife	young
back	brings	great	memories	song	teenager
50	back	best	music	take	thanks	time	years
back	best	life	please	take	times
60s	beautiful	came	colors	down	fantastic	girl	hendricks	hippy	jees	jimmie	john	lady	loved	me	omg	place	screamed	see	shouted	they	uk	wearing	went
back	could	go	know	love	song	time	wish
14	childhood	faithfully	go	love	marry	memories	option	ready	scott	steady	thanks	time	totally	unfortunately	walker	wanted	watched	wonderful
almost	back	brings	listen	many	memories	never	painful	period	song	this	time
13	calypso	dances	girls	going	great	hit	line	long	man	old	passionate	remember	romantic	school	singing	song	there	voice	what	would	year
child	feel	music	nostalgic	thank
60	back	brings	england	every	go	loved	memories	minute	ready	steady	teen	theicewitch54	watched	wonderful	years
brilliant	favorite	great	its	listening	little	mom	mums	remember	song	voice
1996	60s	back	bought	brilliant	concert	denisex	distant	going	hemel	hempstead	hit	it	life	live	memories	pav	pavillion	performed	pop	remember	sharing	song	summer	thanks	top	volume	warm	wishes
best	grew	happy	memories	one
60	along	back	bliss	great	mums	radio	right	sheer	side	sing	songs	takes	would
1966	certainly	changed	got	hair	hey	high	kicked	long	school	time	wearing
back	brings	happy	many	memories
2019	60	awesome	bands	best	brothers	else	endless	energies	era	etched	experiences	gary	gone	hearts	high	john	matters	music	nothing	raised	re	rip	rock	roll	school	scott	song	songs	the	walker	when	yes	youth
10	16	53	back	came	crush	days	feeling	found	girlfriend	got	hearing	heartache	later	listening	lyrics	miss	music	old	really	remember	sign	song	that	true	written	year	years
2019	60	attached	back	go	goosebumps	many	melodrama	memories	sept	so	song	teenager
attached	big	come	know	little	many	memories	mysterious	place	song	teens	wonderful	world
back	best	days	go	life	much	music	now	one	please	real	simpler
absolutely	back	can	days	get	how	love	miss	never	sad	song	time
60	70	alive	felt	miss	much	optimistic	really
back	brings	favorites	lovely	memories	new	old	one	song	timeless
anymore	back	broke	eyes	first	going	heart	listening	rise	song	sun	takes	tears	thought	yeah
big	could	give	love	miss	much	reminds	see	sister	song	this	wendy	whatever	would
10	63	brilliant	cam	certainly	classic	era	great	hits	listening	many	memories	one	so	song	there	tune	vocals
66	almost	always	back	bar	beggar	blind	box	classic	cornell	days	early	forehead	george	innocent	juke	killing	kray	loved	march	old	outright	playing	reminds	ronnie	sat	shot	straight	this	timeless	whitechapel	years
back	brings	brought	called	crap	eyes	grandchild	many	memories	my	song	tears	this
back	brought	crazy	memories	non	played	stop	teen	thank	years
audio	cassette	child	first	listening	rap	song	tape
back	brings	germany	jam	listening	memories	song	stationed	still	wonderful
back	best	life	music	takes	way	wise	years
back	came	club	day	days	good	jumping	old	song
back	club	go	played	remember	song	teen	texas	time	used
80	back	brings	club	days	in	memories	the
1980s	cool	guy	like	lil	little	look	man	miss	oh	one	wayne
80s	back	great	how	song	take	this
back	could	damn	days	go	wish
2000s	90	90s	back	boy	dance	dancing	fiance	floor	generation	last	man	me	miss	new	night	take	the	to
back	days	girls	school	singing	takes
back	beats	better	cant	gardens	god	much	old	roller	rolling	school	skating	takes	top
def	good	listening	remember	reminiscing	rink	skating	times	track
ah	back	brings	came	classic	damn	dance	dope	floor	friends	hell	high	literally	many	memories	my	right	school	shit	song	tear	this	track	up	use
ah	awesome	back	brings	good	memories	rink	skating	the	times
88	89	back	brings	came	day	everybody	fl	good	got	groups	looking	lot	man	memories	name	never	new	one	song	thanks	tyndal	years
1988	anyway	back	brings	chance	every	got	hating	jams	kind	memories	one	rapping	rocking	song	whatever
70	everything	miss	more	say
80	back	best	brings	childhood	memories	they	times
70s	bath	bathing	dad	little	memories	mom	my	precious	real	sing	us	used	we
girl	listening	little	love	parents	reminds
2009	6th	away	became	boyfriend	cassette	ex	first	grade	husband	late	later	listen	lol	miss	pass	sent	since	song	think	this	use	whenever
80s	car	deceased	favorite	getting	give	hard	knew	know	listen	love	mother	really	she	sing	something	song	time	turn	used	usually
1980	40	age	back	blink	brings	came	cat	childhood	doggo	early	enough	even	existed	eye	feels	first	forgotten	gives	in	ish	it	lady	like	little	live	ll	long	lovely	lucky	nostalgia	old	probably	right	saw	serenading	song	sweet	that	warm	years	yesterday
back	big	brings	hit	it	love	makes	many	memories	say	song	that	words
day	miss	old	really
2019	airport	broken	first	goodbye	heart	high	love	moving	reminds	saying	school	state	truly
childhood	father	listen	often	remember	sings	song
2019	feels	fresh	many	memories	past	relate	song	songs	wonderful
back	love	song	takes	teenager	wow	years
back	feeling	love	memories	omg	thanks	throw
carefree	days	joyful	leo	old	remind	thank	yes
back	brings	broadcasting	classic	corp	day	enjoy	excellent	hear	memories	song	srilanka	used	youth
30	after	apropos	first	gives	goodness	innocent	listening	love	nice	reminds	smile	song	years
2019	back	january	little	looking	love	next	nothing	parents	playing	radio	remember	seat	sister	sitting	song
eyes	nostalgic	tears
dad	inhaling	listen	my	nostalgia	song	soon	would
danced	happy	high	maine	portland	roller	school	skated	song	sweethearts	the	wedding	well	wheels	wife
80s	humming	nostalgia	proud	song	young
another	garbage	great	makes	miss	past	song	today	world
every	father	kid	liked	miss	moment	morning	open	school	song
14	82	back	brings	danube	exactly	falling	feeling	first	girl	hand	kiss	like	listening	long	love	memories	old	shores	song	summer	tied	walks	year	years
1981	after	birthday	care	ladies	love	miss	mum	one	remember	school	shelter	singing	sister	song	tasmania	tassie	women	wow	years
62	best	but	chevy	dad	driving	ever	flatbed	forgotten	lol	middle	mom	momma	old	passed	remember	rip	say	song	stood	time	while	would	wow	years
brings	heart	memories	mind	sweet	thank	warms
60s	70s	80s	beat	getting	nostalgic	nothing	songs
good	remember	sang	song	young
childhood	remind
day	ever	every	feeling	fresh	gives	green	leaving	leo	loved	play	remember	sayer	school	single	songs	tracks	wow
1980	20	different	drove	girlfriend	great	heard	indiana	least	memories	my	phoenix	radio	song	stations	way
back	better	brings	good	love	many	memories	much	song	songs	thank	this
1998	friend	girl	high	remember	school
1980	discos	machine	madrid	play	pubs	time	used	wish
ago	days	many	mine	missed	moons	younger
back	bring	good	love	memories	song
alright	back	brings	classic	many	mate	memories	thank
50	60	70	80	back	better	brings	could	feelings	hear	inside	life	love	miss	music	older	place	radio	song	songs	sung	the	touched	understand	words
always	dad	growing	miss	mom	my	played	song
60s	70s	always	dad	drives	every	love	my	really	song	time	turns
amount	back	bitter	bringing	cherished	enormous	many	memories	sweet	yup
back	born	brings	date	days	later	memories	miss	music	never	oh	real	well
13	ago	boyfriend	cause	cry	field	long	loud	memories	old	reminded	sing	song	trips	used	years
1954	age	anyone	aware	born	captured	commented	elvis	emulate	even	gifted	grandmother	he	imagination	love	many	music	never	others	popular	presence	presentation	really	sound	started	still	this	today	voice	years
21	28	bought	car	cd	crying	divorce	driving	ended	first	later	loud	love	marriage	remember	rolled	song	still	this	turning	windows	years
