16years	age	although	days	emotional	fan	feel	golden	great	he	hear	jim	life	lord	love	loving	many	reeves	relaxed	singer	singers	still	thank	time	voice	vouch	you
1st	2nd	30	47	back	blessing	came	convince	day	december	god	granted	greatest	hope	later	leave	life	lou	man	marry	mary	nam	now	pray	reality	receive	served	song	thank	this	tour	viet	years
always	heart	wherever
always	close	come	elvis	king	number	one	place	taking
anytime	begin	bet	could	future	generation	goes	hit	ill	new	play	radio	song	still	that
64	father	jim	listen	reeves	remember	used	young
as	beared	coffin	crematorium	father	favorites	late	meaning	played	singer	song	special	this	time	top	tribute
100	29	albums	along	australia	boxer	college	come	could	daddy	eric	generation	grandma	grandpa	guess	he	heard	jim	least	love	man	maybe	mine	mr	mummy	myanmar	next	no	old	presented	reeves	sing	singer	sir	songs	top	well	wonderful	years
as	elvis	entertainment	nothing
best	blues	country	elvis	ever	he	heart	music	rhythm	rock	roll	soul	would
baby	blow	guaranteed	like	mind	part	roller	steam
absolutely	elvis	forever	lord	love	made	really	showing	the
different	enjoy	familys	generations	great	hear	it	quality	true
could	favorite	forever	listen	my	singer	time
and	any	anytime	beautiful	distant	drums	emotions	especially	eved	get	hear	his	jim	love	of	overcome	reeves	song	songs	teary	the	very	with
beautiful	die	ever	every	know	loved	made	man	mother	much	music	my	never	played	song	sounds	think	word
best	country	lovey	one	singers	time	voice
60	heart	melts	prepare	rocker	sound	usually
absolutely	appreciate	boast	brilliant	days	element	enjoyed	good	jim	least	music	older	people	posting	thanks	video	yes
across	and	appreciation	beautiful	come	first	great	innocent	jim	live	long	music	reeves	reminds	rightly	think	thread	time	united	us	ve	voice
boy	elder	favorites	girl	great	interpretation	little	mother	number	one	plausible	put	raise	says	sisters	someone	that	think	three	tom	treat	who	whose	wig
1960s	boy	brought	early	girl	knew	that	think	when
boy	but	favorite	great	many	one	songs	still	they
1967	anyone	around	audio	autobiography	book	erudite	fantastic	listening	pete	rather	reading	recommend	right	spoken	version	well
another	away	calling	dear	different	distant	drums	favorite	flowing	gone	heard	jim	meaning	mum	oh	reeves	she	songs	sound	takes	tears
always	amazing	classic	drumming	heart	known	lifts	little	sensational	song	this
amazing	heard	never	rhythm	song	voice	what	wow
changed	controlling	four	like	mine	name	parents	song	this	three
asked	ca	childhood	friends	it	listen	mom	seen	sing	singing	something	song	started	stop	today
100	along	beatles	best	classic	dylan	even	music	played	stones	years
album	could	doubt	ever	greatest	handedly	no	single	story	tommy	unbelievable	weird	work
barry	brilliant	done	like	love	mix	motown	nice	orchestra	palmer	reminds	robert	song	such	unlimited	ve	version	white	would
back	builds	crescendo	favorites	it	magnificent	matched	one	rarely	time	today
band	broken	fell	first	heard	hearted	hit	home	love	really	road	song	time
60s	90s	95	alive	appreciate	around	back	but	cut	day	enjoy	enthusiastic	ever	folks	get	god	grown	hardly	like	magic	man	meaning	music	na	oh	play	playing	short	something	talking	the	uhh	wan
anyone	beat	classic	drummer	find	know	love	thanks
amazing	arrangements	arrangers	background	classics	credit	deserved	dramatic	for	got	it	love	music	never	one	orchestrators	pop	powerful	probably	sharing	songs	thank	the	work	you	youth
dropped	found	go	let	song	trailer	week
cause	good	like	listen	music	must	parents	phones	song	you
always	called	camels	desert	east	go	hear	it	job	let	lol	makes	middle	parts	saw	side	song	think	till	trailer	wondered	world
days	great	hears	its	sad	song	songs	words
listen	look	mom	my	song	told
elvis	forever	great	live	long	many	miss	never	singers	why	world
along	beautiful	cry	emotion	every	family	king	live	long	makes	much	pics	single	so	song	the	time
generation	generations	lived	music	prefer	song	wish
guess	late	leave	love	much	really	someone	tell	us
amazing	and	away	care	chance	ever	girl	give	hard	keep	lost	love	met	one	ones	pushing	satisfied	showing	time
able	fulfill	gentle	go	he	left	life	lisa	loved	marie	princilla	sad	so	soul	started	think	wish	wrong
elvis	get	jackson	michael	never	presley	sad	see	so	time	wish
always	awesome	favorite	greatest	loss	singer	world
16	always	amazing	listen	old	people	years
alone	ca	die	going	grew	hard	learned	little	love	loved	never	probably	relationship	say	show	things	told	whenever	woman
barbiedolly	get	glich	little	love	maybe	meant	music	there
2nd	age	build	came	grade	memory	movie	treasure	when	youth
attention	classic	joint	life	love	lyrics	many	much	my	pay	relates	situations	that
feel	given	helps	inspirational	like	song
amazing	bass	brothers	david	don	forget	funk	give	great	greatest	hear	jamie	jamison	levi	man	marvin	motown	one	others	smokey	stubbs	thanks	the	tops	troubled	underrated	voices
age	legend	man	much	old	power	seventeen	soul	the	vocal	voice	years	young
17	by	davis	goes	he	maybe	my	old	primary	school	son	song	spencer	steve	teacher	think	way	well	who	winwood	wrote
16	age	believe	but	good	hard	old	really	said	someone	years
blow	great	if	like	sing	tried	tune	voice
black	come	got	if	it	natural	soul	thing
band	great	it	popular	really	recognized	shame	smashing	songs	they
60	comments	idea	loved	read	singing	song	stevie	winwood
100	absolutely	beautiful	excellence	gold	great	life	line	masterpiece	memories	music	phenomenal	pure	solid	sound	standard	talent	top
appreciated	beyond	few	invent	machine	people	please	realize	somebody	soulful	steve	teens	time	virtuoso	younger
1967	ago	aint	is	long	music	nothing	now	nowadays	peace	there	think	this	time	touch	wow
always	best	better	case	first	get	give	point	rest	shot	time	told	you
discover	fabulous	great	group	hear	often	share	thank	voice	wow
22	60	adaline	age	ask	band	brought	daughter	enjoying	evening	movie	of	the	viewing	youngest
bad	but	favorite	heard	love	merle	never	song	this	version
executed	exists	family	home	love	man	past	reminiscing	sad	song	tells
14	first	grandma	introduced	love	shall	song	still	thank
always	know	laura	name	sing	thomas	tommy	wifes
1960	finest	hit	love	one	really	single	singles	stands
afterwords	get	happened	hit	like	lost	lovely	many	one	though	voice	wonder
enjoy	love	nice	one	relax	song
friend	keeps	laura	my	name	singing
appreciate	great	like	shout	teens	tunes
brilliant	highlights	really	song	tragedy	well
17th	coincidence	ever	favourite	happens	laura	name	that
cheap	compilation	decent	laura	never	park	pictured	skank	song	trailer	version	video
adds	anymore	comfort	create	knowing	laura	like	maybe	music	people	personal	sorrow	thing
better	crap	grew	hear	songs	sort	words
best	created	ever	forgotten	music	never	the
cases	finished	half	lyrics	others	the	video	wrong
1960	21st	century	certainly	lady	much	she	the	video	vintage	young
calmer	day	days	good	like	made	make	nice	song	songs	what	words
bear	name	sad	seem	songs	why
careful	entertainer	greatest	person	please	say	talking	thank	time	you
concert	greatest	history	music	this
gorgeous	heart	man	melt	voice	would
called	good	he	king	known	rated	still	under	wish
delivery	face	high	last	much	notes	part	satisfied	see	sings	voice	you
american	artist	away	blues	doubt	greatest	he	james	lifetime	listened	make	may	maybe	mock	music	nothing	one	prolific	said	song	statement	take	taylor	thing	three	time	times	tune	ve	version	white	with	writers	written
and	awesome	be	coolest	elvis	ever	his	is	most	name	person	song	sung	the
best	could	ever	he	live	seen	wish
appears	concert	elvis	enjoying	fine	gone	priscilla	ride	year
certainly	earth	fella	gorgeous	he	however	imaging	just	left	lol	looking	mark	my	right	rolling	soon	stunning
awesome	best	blues	comparison	doubt	genres	great	incredible	love	man	many	mr	music	no	one	presley	really	singer	singing	song	still	world
always	beginning	forever	king	know	laughs	like	looks	love	music	side	song	thinking	would
background	blues	elvis	great	hear	love	parody	period	playing	song
bluesy	comfortable	definitely	low	music	roots	style	think
bless	elvis	forever	friend	god	greatest	miss	the
angel	artist	concerts	died	earth	effort	eyes	god	greatest	handsome	man	much	peace	rest	see	sufferience	too	unique	voice	young
it	masterpiece	minutes	never	perfect	recoding	studio	wonder	would
always	back	coming	else	elvis	forever	gone	heard	its	keep	life	like	one	special	time	video	videos
cover	elvis	forget	harmonica	key	look	making	never	played	song	soooo	this	tune	we
absolutely	band	bless	burton	elvis	entertainer	fantastic	forever	glen	god	great	greatest	hardin	heart	heaven	james	singer	tcb	time	vocalist	what	world	yuo
fantastic	greatest	music	performance	the	time	voice	what
amazing	another	back	bone	brilliant	but	call	come	do	get	great	interpreter	liked	many	masterpiece	proof	there	together	work	wrong	yet
adore	beautiful	biggest	elvis	handsome	history	hot	music	sexy	singer	song	the
close	come	elvis	entertainer	ever	god	greatest	man	one	peace	rest	see	sent	the	world
40	burton	elvis	james	must	nelson	old	rickey	rocks	song	stolen	this	years
always	compared	king	music	nothing	others	stealing	still	would
better	ca	fantastic	favorites	get	gold	one	perfect	pure
adam	backing	barry	faith	good	great	john	made	orchestra	pizzicato	pop	really	records	singer	strings	superb	technically	use	what
50s	60s	always	aunts	born	elvis	emotion	genuine	grew	heartfelt	late	orbison	preferred	raved	roy	songs	sung	thank	thought	uncles
based	best	favorite	feeling	generation	if	known	my	performer	popularity	roy	solely	sure	talent	ve	would
50	60	music	songs	soul	there	today	unlike
baritone	bass	complexing	he	his	know	singer	soprano	talented	tenor	voice
alone	bit	depressed	feeling	know	listened	lonely	right	roy
classic	continue	enjoy	his	legacy	live	lonely	only	wil	work
agree	big	completely	converts	expression	feelings	great	lyrics	nice	stuff	thanks
16	artists	daughter	exposed	good	great	knew	like	loves	music	my	never	old	on	orbison	right	rock	roll	she	year
16	age	begin	day	hope	kind	like	love	old	one	really	song	wonderful	wow	years
bless	fantastic	god	know	missed	ones	roy	singer	young
1988	1989	amazing	away	bournemout	bournemouth	brings	by	centre	december	eyes	first	forgotton	home	january	ll	never	passed	pavillion	rip	road	roy	song	start	tears	the	tour	town	truly	uk	venue	way	westover	would	you
2010	boys	burnt	cash	die	door	family	henderson	house	in	jr	location	looking	love	man	music	never	next	old	performer	person	roy	sir	site	stood	tennessee	visited	wonderful	yes
always	classics	it	like	pleasure	stumble	upon
an	cherish	forever	forget	love	magnificent	man	music	never	orbison	roy	you	your
50s	60s	beat	beautiful	early	late	period	song	totally	unique
awesome	he	range	style
drinking	invent	listen	live	machine	made	mediterranean	oh	please	self	time	want	wine
100	agree	always	back	could	live	wished
ago	assignment	english	homework	looked	love	minutes	searched	song	this
ago	away	cry	dare	feelings	germany	like	listen	love	make	man	mum	music	my	passed	seldom	songs	totally	two	understand	very	vulnerable	years
folks	glad	hear	heart	hope	like	maybe	played	real	rock	roll	stuff	the	today	world	young
ago	album	always	baby	dig	ended	find	it	know	ll	long	moved	re	remember	song	sure	talking	think	years
actually	back	sing
country	great	like	music	wished
believe	country	god	hear	junk	music	never	play	radio	real	rock	sirius	sucks	thank	today	true	youtube
beautiful	country	disc	ever	gold	great	hank	locklin	one	recorded	selling	single	songs	the	top
ai	classics	country	love	old	stuff
always	and	another	believe	cramer	delivery	distinctive	do	floyd	ivorys	legend	locklin	loved	song	voice
25	anything	classic	country	ever	favorite	go	music	stand	today
dad	kind	love	mom	music	this	western
17	am	falling	love	music	old	school	years
banging	dad	got	incredible	kitchen	music	recordings	still
country	heard	hits	infomercial	jukebox	love	song	tv
amen	best	blessing	come	everyone	god	knows	many	really	to	years	yet
classic	country	great	hank	hits	many	thank	well
comment	ever	funniest	lmao	saw	this	youtube
facebook	let	lie	liked	photo	post	ricky	shared	youtube
friend	girl	laura	nice	young
bad	hates	laura	mood	sing	sister
grandparents	least	means	named	quite	something	song	still
background	barely	like	listen	music	nowadays	words	wow	you
listening	love	old	songs
childhood	friends	grandpa	great	serious	think	this
best	fogerty	john	like	song	still	think	version
first	gladys	heard	hearing	knights	love	time	version
could	get	john	listen	never	right	song	tired	you
favorites	much	one	sharing	thank	time
always	favorites	like	make	one	posting	shame	sure	thank	they	used
awesome	better	country	dies	get	like	love	never	old	really
behind	childhood	favorite	man	screen	sharing	thank
anybody	by	does	don	is	know	nice	piano	posting	robertson	thanks	video	way
enjoy	listening	old	posting	really	songs	thanks	wonderful
ca	country	fans	fashioned	good	great	keep	many	old	post	see	song	thanks	you	young
advice	back	real	replying	sound	time
best	country	hear	love	many	matter	pop	song	times
anyone	as	could	faithful	great	infidelity	it	know	losing	lyrics	make	married	sentiment	song	temptation	think	true	uncomfortable
great	locklin	one	opinion	version	well
great	like	make	nowadays	performance	rock	stars	used
27	country	good	music	people	real	taste
anymore	country	get	happened	like	mean	music	today	what
days	hip	let	life	like	low	meaning	music	pop	rap	take
500	appreciate	ask	convinced	even	heart	listening	man	song	stone	times	transplant	would
dance	daughter	love	music	my	old	song	years
best	better	englebert	feel	feeling	friend	hear	low	once	songs
could	last	someone	special	waltz	wish
also	beautiful	could	forever	handsome	he	love	song	touching	voice	what	woo
artist	became	explain	feelings	global	know	legend	star	start	suddenly	superstar	true	voice	wonderful
best	better	brilliant	come	course	englebert	much	song	sung	well
beautiful	doc	fall	in	love	peace	song	what	would
can	change	love	old	songs
always	happy	it	love	make	nice	song
actually	age	describes	golden	great	melody	such
beautiful	could	darling	god	know	make	my	one
beautiful	englebert	ever	one	songs	think
beautiful	belongs	everyone	legend	loves	sang	song	true
dance	someday	song	wedding	would
beautiful	compose	decades	many	memorable	nowadays	songs	touching
around	brought	come	dancing	family	favorite	first	strickly	this	time
also	any	nice	passed	songs	still	time	whenever
beautiful	genre	how	like	lover	music
10	11	amazing	amazingly	beautiful	dance	feel	getting	great	just	like	love	lyrics	makes	mesmerizing	much	music	scale	sharing	song	such	superb	thx	undoubtedly	voice	waltz
ago	always	beautiful	come	concert	days	dream	love	music	see	song	true	what
always	best	he	life	love	part	singer	songs	they
ever	got	one	peace	romantic	song	songs	sweetest	wow
break	everyday	life	lonely	love	man	start	this	wake	without
1967	beautiful	blasted	cassani	comes	course	engelbert	innamoro	italian	maro	melody	obscure	original	panzeri	parrot	quando	really	records	stratosphere	think	this	version
beauty	grandmother	loved	music	pure	this	understand
artist	beautiful	favorite	grew	know	lyrics	mom	my	songs	still
14	beautiful	cousin	family	favorite	hear	know	learn	old	song	yrs
ever	existed	magnificent	one	voices
appeals	artists	classic	found	generations	modern	songs	sung	today
could	like	make	songs	today	wish
forget	never	record	walked	wife
cloudy	freedom	love	loved	mornings	ones	presence
appear	ever	forever	mankind	one	ones	songs	stay
age	always	called	describes	golden	loved	many	old	so	song	that	us	years
2019	classic	ever	happened	listening	romance	romantic	song	what
even	genre	listening	meaning	music	nowadays	song	still	teen
arms	cause	day	hold	loving	make	painful	song	this	till	ve
beautiful	get	grew	listening	never	number	one	song	soulful	tired	voices	world
cloud	computing	great	lost	mans	never	songs	thanks	time
amazing	classic	song	thank	truly	uploading	voice
break	everyday	sleep	try	wake	want
class	eurovision	re	recorded	song
days	looking	lyrics	old	power	sing	song	this	without
bless	care	family	god	good	got	he	love	lovely	sing	singer	take	wife
irreplaceable	music	untouchable
else	good	guys	know	like	please	profiting	someone	songs	talent	this	video
best	but	cruel	ended	ever	ironic	life	love	made	punishment	reckon	sing	singer	wish	worlds	worst
lonely	love	man	without
beauty	broken	heart	only	real	song	understand
all	anymore	appreciate	clip	days	every	everyone	far	feedback	hi	left	like	make	memories	messages	one	read	thanks	they	watched
class	crafted	massively	musicians	perfectly	performed	pop	real	song	this	underrated
big	catchy	harmonies	hear	hum	intro	lovely	pop	proper	record	sing	tune
great	guy	happy	sings	tune
70s	best	class	come	ever	one	pop	songs	written
2019	30th	feel	happy	january	listening	love	make	song
1st	any	classics	clubs	europe	germany	hey	honeymoon	in2	message	play	scan	thanks	time	tips	weeks
comments	editing	it	like	make	posting	thanks	video	watching	worthwhile
almost	an	ignore	impossible	intoxicating	intro	naturally
adele	and	eat	etc	good	harmonies	heart	lyrics	sing	singers
classic	dance	hits	it	millions	really	soul	this
classic	ever	intro	masterpiece	match	never
1st	21yr	accurate	and	daughters	describing	elle	especially	every	grace	heard	lyrics	may	my	name	old	one	single	time	tune	written
always	follow	great	harmonies	little	love	made	maker	number	one	song	trust	uk	up	you
better	intro	nice	orchestration	ruins	singing	tune	without	would
beautiful	compose	could	guys	love	music	song	those
if	like	something	song	wrong
appreciated	carolinas	only	really	song
dying	eh	heart	love	my	slowly	song	words
beautiful	her	vocals	words
consolation	early	far	find	hope	katharina	learn	loss	song	sorry	sweet
50	60	80	hear	heaven	love	loved	proper	ruby	singers	still	thank	youtube
beautiful	hit	song	usa
beautiful	people	retarded	song	this	version
greatest	lady	one	singer	teresa	time
brewer	evening	fantastic	hill	lovely	mockingbird	ms	nice	spend	talented	woman	would
50	alongs	beautiful	bird	brewer	covers	dinah	early	ford	hill	hits	instead	interpretation	it	late	les	like	lullaby	mary	miller	missed	mitch	mocking	original	page	patti	paul	sad	sang	she	shore	sing	sixties	sleepy	something	still	teresa	today	using	wake	wrong
called	great	hill	is	mockingbird	place	would
america	anymore	found	icon	one	rip	singers
another	loved	recordings	songs	thank	wonderful	you
favorite	has	lady	listening	love	lovely	mind	of	peace	this	voice
cheezoid	complex	glad	likes	lol	music	one	something	superiority	think	used	wrong
like	miss	no	one	teresa	voice
book	ca	dynamite	little	miss	oldies	replaced	singers	topped
gentle	loping	nice	sweetest	teresa	version	what
could	docambra	give	notice	permission	remain	the	they	way	wo	would	youtube
earth	ever	get	heaven	ll	nearest	the
almost	and	billy	earth	handsome	like	much	one	sings	unbelievably	world
billy	come	copy	eckstine	gras	has	mardi	one
and	sarah	unique	vaughan	voices	with
always	beautiful	loved	voice	what
76	beautiful	get	gives	goosebumps	handsome	he	lovely	man	much	play	re	song	such	world
close	eyes	follow	listen	perfect
1954	another	billy	but	by	called	classic	eckstine	hit	no	one	single	timeless	top	you
could	handsome	he	heavenly	looks	man	met	song	wish
another	exquisite	he	justice	like	mans	never	posting	remarkable	song	thank	there	unique	voice	words	would
great	posting	thank	voice	what	wonderful
great	male	one	recordings	sinatraphile	singer	truly
beautiful	billy	ever	fabulous	singer	song	the	underrated	voice
1930	1970	any	history	knew	lived	magic	music	one	time
any	beautiful	exquisite	know	mandolin	one	piece	played
anybody	better	ever	guy	was
like	no	one	renamed	rendition	voice	wonderful	wow
blood	carlos	flesh	movie	played	thompson	tune	wonderful
difference	hearing	keep	music	noisy	romantic	this	true	tunes	what
11	17	18	baby	days	girl	granddaughter	love	my	nine	today
end	head	makes	musical	slap	that
became	crap	day	enough	everywhere	listen	long	played	radio	respectable	rock	roll	this	used
good	music	naughty	pop	this
did	environmental	file	impact	she	statement	town	whirl
12	love	scary	song
everyone	hear	like	lot	song
ads	belong	came	care	donald	epic	greeted	group	hillary	listen	message	pissed	political	trump
away	breath	exercise	literally	needs	says	son	song	takes
adult	adults	back	beautiful	beings	bringing	brought	children	consider	future	given	hands	human	incredibly	instead	lies	names	new	playthings	scary	stupid	think	whose	world
always	baby	my	parents	song	told
an	baby	days	door	exactly	favorite	guy	listen	new	next	nine	old	song	time	told
cell	download	put	song	where
back	day	great	insinuations	lyric	music	real
50	boo	go	music	pop	pure	rock	roll	white
believe	ca	dislike	great	it	new	one	song	still
connotations	could	days	different	lady	lane	naughty	shady	the	well
almost	couple	favorite	first	heard	lady	loved	lovely	met	music	my	often	play	rip	ruby	singer	still	time	times	voice
15	17	accident	best	bike	came	died	friend	jimmy	motor	my	name	nana	scary	song	story	year
always	beautiful	friend	goodbye	jimmy	sing	song	such	tell
channel	found	guessing	jerry	posted	said	songs	vale
ago	commented	figured	first	jerry	know	like	long	seems	song	time	vale	would	yes
dance	daughter	go	living	loves	my	old	room	says	she	sing	song	sway	swing	we	weak	year
00	get	highest	leave	music	startled	volume
apart	arte	beautiful	called	couple	el	en	fantastic	heaven	met	show	so	song	ti	us	used	work	writer	years
16	anyone	can	him	legendary	like	music	na	name	old	please	singers	some	type
english	first	go	heard	later	learn	lyrics	said	say	song	sway	the	thought	time	weak
chocolate	cigar	coffee	cuban	disturbing	draw	faster	imagination	life	need	old	partner	without	world
better	cases	language	lyrics	new	one	original	translation
always	best	ever	singer	tech	the	us
bit	dancing	dean	favorite	feel	headphones	pretend	put	sad	song	this	when
love	many	new	so	song	versions	what	year
beautiful	father	know	lately	listened	loved	sang	sometimes	song
buble	dean	like	martin	michael	one	original	prefer	really	spanish	version	voice
bottle	carnations	champaign	come	heard	voice
curtis	discovering	least	photo	pleasant	resembles	thanks	tony	voice	youtube
backing	dickie	good	great	looking	melodic	music	need	one	singer	singers	true	valentine	voice	well
new	performance	terrific
1958	big	charismatic	couple	crown	door	frankie	gilmorton	green	hits	hotel	local	of	original	sang	strength	the	tower	uk	vaughan	very
1952	1957	1958	called	certain	comment	dickie	elvis	find	frankie	further	guy	international	male	mr	nme	poll	presley	previous	running	slot	some	taking	top	uk	valentine	vaughan	vocalist	vocalists	voted	years
best	billy	but	flowed	fury	like	right	though	totally	unacceptable	version	voice	way
billy	did	fury	know	predating	song	version
1955	april	charts	listed	march	popular	uk	us	very
channel	congratulation	discover	france	great	hello	its	much	pleasure	sharing	sincerely	song	thank	video
ancient	break	enjoy	heart	how	like	music	never	regret	songs
mans	stops	texting	when	whose
every	form	greetings	netherlands	play	song	time
done	original	release	this	well
actress	anyone	can	first	tell	video
fantastic	forgot	gorgeous	hello	never	voice	woman
almost	bring	eyes	life	like	sad	song	tears
actor	believe	crowd	end	first	great	image	movie	really	the	tragic
covered	it	listen	mean	song	world	would
best	course	ever	great	of	seen	song	video
30s	60s	70s	74	alive	amazing	an	anymore	brenda	buried	but	ending	forever	forgotten	generation	god	happy	historical	know	lee	like	much	music	never	new	real	sironaca	song	songs	still	thank	very	would	you	youtube
inverted	men	nowadays	once	one	real	the	time	upon	women	world
always	listening	love	song	will
better	enjoy	even	everyday	last	treat
departs	everything	fades	love
emotional	feel	lyrics	much	voice
another	greatest	listen	oh	think
around	end	life	love	many	meaning	song	the	world
anything	are	done	everyone	forgets	great	help	hoping	know	lol	love	meaningful	might	no	outstanding	pay	person	put	repay	say	sees	selected	shots	single	the	time	together	wanted	work
all	and	brenda	could	day	great	it	lee	listen	love	not	singer	song	thanks	this	to	who	youtube
came	crap	felt	holy	next	right	serious	this
best	ever	seen	tube	video	you
actors	index	interesting	it	know	movies	see	would
love	many	people	relevant	song	wow
10m	change	communicate	fans	is	knowledge	lady	language	little	love	many	much	people	sironaca	so	song	thank	voices	way	without	wonderful
effect	enough	funny	hear	including	relationships	song	this
best	song	world
go	magic	only	sway	technique	weak
bless	dean	god	how	martin	may	much	soul	wonderful
dance	failing	fight	headphones	listening	platform	train	trying	urge	waiting	walk	xd
could	gold	man	pure	sing
bs	democrat	everytime	hear	sound	spewing	starts	violins
darkness	different	flower	guess	interpret	light	people	rising	song	sun	talk	things	words
always	child	especially	fantastic	loved	she	songs	voice	young
60s	70s	attraction	beauty	best	faces	full	music	natural
appreciate	ever	good	green	listener	much	sings	youtube
045	and	artist	birds	clip	get	great	mean	movie	no	people	showing	singing	sings	snow	song	stars	storm	sung	then	there	two
hanged	lived	lol	mind	never	probably	racism	remember	sometime	time	wish	would
big	every	girl	great	little	single	the	understand	voice	word
beautiful	heartbreak	makes	pain	sound	suckers
always	beautiful	handsome	look	much	past	people	present	why
beautiful	love	romantic	sad	song
better	davis	difference	feeling	good	least	like	made	makes	one	original	puts	seeing	she	skeeter	song	version	way
beautiful	days	in	intelligent	later	nicer	pretty	women
best	ever	heard	song	the	version	wonderful
all	cherish	every	have	is	moment	reason	should	this	we
beautiful	many	screen	silver	stars	thanks
although	beautiful	bogged	breaks	everything	feels	good	hear	it	like	live	love	one	recover	relationship	sad	says	song	takes	things	time	true	version	young
actors	brilliant	compilation	compliments	genius	greatest	hard	pure	screen	silver	sironaca	the	work
able	add	addition	age	alan	barrymore	clift	could	credit	dean	do	extra	ford	get	glen	golden	great	half	hollywood	it	james	john	ladd	list	men	montgomery	movie	name	nice	offhand	past	picture	re	running	shown	someone	song	sophia	spencer	stars	stills	stumped	though	tracy	veronica	video	wayne	well	without	women	wonderful	would
let	love	would
ability	express	life	meaning	music	people	point	song	things	think	unable	understand	would
also	belief	first	god	it	life	love	music	nothing	reflects	this	without
advance	anyone	comment	corresponding	know	movies	pictures	please	tag	thank	time
1963	27	cause	feel	incredible	it	kind	like	living	makes	missing	never	released	saying	song	time	ve
always	planet	song	thought
abandant	and	blessing	divine	eternal	grace	hard	promise	receive	recognition	reward	see	selves	waiting	welbeing	welfare	work	working
always	anything	could	great	she	sing	sounded
automatically	bethesda	did	fallout	gaming	know	personally	playing	singing	song	started	thanks
goodnight	listened	much	songs	thank	thankfully
gold	recommended	youtube
actress	anyone	background	cigarette	clip	glass	hand	holds	know	man	name	one	photo
anything	broken	hearts	help	hurting	like	mended	sorry	time
best	brenda	collection	dopamine	hit	however	lee	little	music	otherwise	outstanding	place	real	seems	singers	world
names	nice	people	photos	posted	recognized	think	video	would
assured	forgotten	hear	list	loved	one	rest	restore	sorry	you
always	great	real	really	slides	some	stars	these
beautiful	go	great	iconic	images	job	love	movies	perfect	seen	sironaca	song	special	ve	video
always	emotion	full	great	love	loving	person	singer	true	yes
150	and	blame	boring	cookie	crop	cutter	duration	emotion	entire	fry	get	many	mph	over	re	sing	singers	singing	so	song	teachers	they	this	use	vocal	young
came	could	experienced	really	time	wish
actresses	beautiful	distinguish	gone	is	look	years
actress	anyone	close	dark	does	face	featured	haired	half	know	one	see	thank	the	video	way	youtube
angel	anyone	dynamite	god	great	little	love	men	miss	music	one	peace	second	sent	us	voice	voices	women
could	emotion	great	interpretation	lot	really	sing	song	woman	wow
angel	dreaming	human	one	slap	wake
expressions	face	fits	new	nice	pictures	put	song	story	tell	very	video	whole
around	chen	end	genuinely	listening	never	peter	song	sung	the	touching	world
beautiful	briefly	feeling	glad	heart	joy	just	leave	left	life	shared	us	voice	we
beautiful	like	moments	much	song	thank
absolutely	and	come	gut	hit	like	lot	monumental	quite	sang	sorry	unusual	ve	version	voice	wrenching
arrangement	distraction	great	huge	images	jumping	poor	song	the
best	brilliant	changes	even	everyone	feel	good	happen	happened	heart	lost	makes	really	sad	song	still	things	thinking	wish
ever	hear	song	touching	wonderful	words
full	give	melancholy	songs	sorrow	these	use	what
come	devastated	feels	one	really	stops	time	times	world	yet
believe	could	dynamite	little	love	modern	perform	she	singer	superb	today
beautiful	couples	heavenly	legends	many	overlapped	screen	song
again	hear	kind	melody	never	of	performance	this	unbelievable	will	you
always	anymore	barely	brenda	but	every	favorites	fifteen	goodness	heartstrings	hit	home	lee	list	lyrics	make	my	one	reality	sang	set	singer	songs	still	sure	think	time	torch	understood	younger
always	asking	beautiful	bless	dear	friends	god	offering	protect	wherever
absolutely	amazing	beautiful	brings	eyes	makes	see	songs	story	tears	voice	what
and	apart	know	listen	ll	love	lyrics	many	meaningful	movie	people	powerful	really	song	soundtracks	this	understand
compared	garbage	lot	music	singers	todays	total
affair	ends	love	moment	separated	yes
fantastic	frames	music	putting	strange	sure	transition	very	video
50	brenda	emotion	feeling	full	great	heard	heaven	lady	like	listening	love	never	real	singer	sounds	tire	voice	years
37	amazing	and	by	emotional	ever	goddard	much	paulette	song	thank	video	way	what
and	brilliant	choir	classic	ear	in	left	lovely	middle	million	perfect	piano	right	stereo	strings	such	thank	version	voice
as	battle	ensues	glorious	gun	last	makes	misunderstood	stand	the	tyranny	vigilante
actress	fantastic	heard	never	voice	was	woman
better	flows	like	opinion	original	the
almost	better	classy	describe	every	horny	love	nowadays	rebellious	romantic	song	still	story
called	dynamite	lil	miss	one	shes
brenda	brings	davis	emotion	great	job	originally	skeeter	song	sung
cant	greats	like	one	today	why
53	anyone	certainly	does	film	fits	it	know	singer	song	star	superb	well
almost	best	every	female	her	rock	roll	song	version	vocal
40	anybody	can	cute	recognize	unforgettable	very	woman
amazing	child	comfortable	command	concert	deliver	ease	effortlessly	flat	from	presence	prodigy	seemed	she	signature	special	vibrato	vocalist	voice
baby	boomer	come	doubt	era	ever	experience	like	lovely	lyrics	ones	post	really	sadly	seem	shame	songs	time	today	war	yes	young
add	and	best	black	coupled	days	easily	effect	enhance	gone	hey	long	lovely	magic	moodier	pace	photographs	plaintive	sadder	slower	sparkle	version	voice	white
audio	create	great	know	say	thank	video	wonderful
books	english	know	learn	messages	song	you
either	good	grandpa	great	my	send	song	wow
commercial	good	heard	hilarious	never	samsung	somehow	song
get	happy	listen	listening	makes	much	music	newcomers	older	retarded	sound	turn	wonder
glory	how	jeans	man	morning	put	soon	wakes
funny	gets	jackson	legend	michael	played	radio	regarded	still	though
also	back	behind	co	crap	crowd	day	get	great	history	knew	know	look	made	plus	rest	sadly	sell	stage	the	tunes	wrote
cds	days	dustbin	gary	glitter	great	people	probably	song	the	throwing	world
gang	leader	lol	much	thank	want
everybody	excuse	got	honest	liking	music	nonce	re	rest	the	us
always	care	done	love	music	remains	song	the
committed	crime	discussing	enjoy	music	people	sick	without
funky	gen	god	instruments	music	parents	thank	used	wish	wow
but	cool	exceptions	find	frankly	good	like	made	meaningful	music	nice	nicely	nowadays	one	performed	rhythm	seventies	significance	signified	something	song	sort	this	times	tunes
best	black	brothers	community	could	group	how	life	like	living	love	man	many	moving	people	perform	shows	sing	song	stay	swoon	talent	tavares	the
amazingly	beautiful	classic	gorgeous	heard	music	song	thank	titans
certain	every	hear	scene	supernatural	think	time
all	car	fire	listening	see	song	star	titans	waking
heard	india	kind	love	series	songs	titans
fade	like	taking
around	good	mom	music	playing	real	right	sharing	thanks
best	ever	got	heard	song	structured	this	ve
curious	know	living	many	members	original	still	tavares
bought	happy	supernatural	yeah	you
angel	around	creation	foundation	know	moral	principle	reason	us	values	wings
best	dance	dancing	disco	era	love	this
an	angel	arm	around	be	beautiful	beegees	beethoven	boat	couples	cruise	dancing	disco	elaborate	even	fever	fifth	fires	gorgeous	happy	heaven	imagination	instrumental	kissing	like	lot	love	missing	must	night	one	only	princess	romantic	saturday	say	sea	see	ship	shoulder	so	song	this	though	version	walking	would
all	and	can	get	good	great	handsome	how	look	not	over	sound	stil	still	they	were
age	classic	golden	listening	music	pleasure	priceless	real
band	college	drum	excellent	heard	horns	line	percussion	perform	show	what
18	but	days	die	honestly	kind	listen	lol	masterpiece	never	song	this	why
gold	like	matter	music	no	remain	this	timeless
comment	eyes	future	leave	ll	see	tears
crying	eyes	her	killing	lyrics	tears	voice
always	beautiful	earth	heaven	love	shine	shined	sing	ya
2019	better	born	much	others	songs	time	today	wish
falling	listen	much	rain	song
awakened	dream	good	heard	it	played	scared	song	vivid	way
ca	cry	hold	legends	makes
10	came	it	know	least	nice	played	song	times
better	carpenters	classic	even	get	gets	it	listen	never	old	perfect	privilege	representation	songs	the	their	time
bag	beaten	beautiful	birds	cat	like	morning	natural	paper	pure	singers	singing	sounds	spring	talent	today	type	unlike	voice	wake	what	whose
expensive	iconized	something	voice
20	better	born	browsing	father	found	heard	old	songs	teenager	year
beautiful	controls	note	notes	quality	she	sound	unimaginable	voice
amazing	beautiful	born	music	that	time	wish	would	year
blocks	box	comments	could	hey	move	please	sort	texting	thank	way	you	youtube
clear	english	every	hear	her	karen	mother	music	nowadays	pronunciation	rare	sings	tongue	understand	voice	word
breaking	cry	get	heart	it	make	part	really	when
bit	cry	hell	little	makes	mean	really	sad	song	surely	why
abroad	appreciate	could	english	find	first	happy	looking	lyric	really	song	spend	studying	time	understand	without
bless	comment	day	family	god	have	may	read	wonderful
15	crying	damn	feel	girl	kinds	know	life	like	likes	old	reincarnated	song	songs
60s	backing	beautiful	born	do	enjoy	know	oh	old	so	sometimes	songs	those	vocals	wish
butter	cant	describe	honey	running	still	voice
calmness	comes	every	feeling	get	happiness	hear	smile	song	time
auto	back	era	form	funny	generations	grandparents	introduction	lest	listened	listeners	look	many	music	parents	sad	say	songs	think	today	true	truer	tuned	youth
choir	glad	head	learn	lol	stuck
close	different	eyes	heart	like	still	yesterday
love	loved	ones	only	remains	world
daughter	good	likes	listen	make	sad	so	think	voice
art	artists	brilliant	develop	given	millions	museum	people	piece	pleasure	time	vocal	what	world
beautiful	clear	colorful	die	karen	nice	so	song	still	unique	voice	world	young
goes	life	memory	song	still	this
became	cause	crush	day	favourite	friends	go	heard	home	knowing	name	repeat	search	song	talking	thanks	today	without
always	biggest	by	carpenter	effortless	far	favorite	go	inspiration	karen	music	my	performing	practice	pure	recordings	singer	singing	so	time	use
born	clearly	creation	credit	documentary	even	geniuses	gift	given	he	iconic	it	learned	much	not	one	responsible	singing	style	success	these	two	watching
ever	female	greatest	hands	heard	voice
days	music	nonsense	not	timeless	what
cruel	darkness	life	never	short	surrender	world
70s	amazing	bad	best	billboard	brown	ever	it	kept	leroy	pop	possibly	pretty	rock	slot	song	stupid	think	this	we	written
30	32	another	believe	best	combination	credit	depressing	deserved	duo	emotion	emotions	ever	feeling	female	go	got	guess	hits	imagine	know	many	much	music	musicians	never	passed	people	personally	probably	put	really	relate	richard	said	sang	she	so	some	songs	times	truth	voice	well	when	years
day	listen	love	makes	really	song	time	wonderful
artist	break	forever	kind	live	music	no	this	today
attention	beautiful	bring	disease	disorder	eating	even	foundation	life	lost	name	needs	passed	prevalent	question	singer	society	soon	such	superstars	there	today	tragedy	two	way	with	would
course	drum	famous	god	her	oh	singing	splendid	track	work	world
any	appreciated	ca	first	game	listen	may	movie	recall	reference	song	would
anyone	got	please	share	similar	songs
already	dare	even	listening	music	tears	video	watching
friend	good	like	mean	old	really	she	sounds
at	better	car	door	drive	hang	movie	movies	music	play	sounds	speaker	this	window	would
asleep	crying	fell	little	my	play	sister	song	started
beautiful	brings	ever	hear	if	ironic	lovely	must	one	sing	tears	voice	voices
2019	always	anyway	likes	listens	mom	much	my	sings	song	still
always	amazing	attention	beating	bless	clean	crap	draw	garbage	god	karen	like	live	others	resort	she	song	such	voice	without	world
ages	describe	emotion	feeling	one	perfection	smooth	voice
beautiful	could	seen
beautiful	eyes	her	others	she	tears	touches	typing	voice	way
detailed	evergreen	everything	good	moving	musics	quick	rip	song	this	world
1969	1973	album	always	anyone	beautiful	bought	dad	early	far	go	lot	loved	mother	my	really	she	single	singles	song	think	touch	vocals	voice
darn	eyes	listening	onions	put	running	song
backs	future	good	hope	look	many	memories	service	thank
admit	days	generation	grew	like	ll	part	song	songs
beautiful	however	love	music	put	song	soul	wish	would
and	grandparents	hanging	kind	love	parents	songs
alone	better	happened	her	hip	hop	music	put	rap	today	together	voice	what
cover	feedback	give	hope	made	much	song	thank
bankrupt	brother	her	hope	lived	problem	see	voice
1st	70	am	background	chorus	comma	half	melody	name	noticed	one	piano	riff	says	shines	sings	song	still	the	what
disliked	music	people	taste
classic	forever	heart	people	song	this	truly
hear	imitated	know	never	resonance	she	totally	unique	voice
gave	great	lyrics	songs	speak	team	the	they	us	wonderful
beautiful	clear	crystal	else	melancholy	one	recreate	remarkable	voice
and	casper	change	for	hear	heard	key	made	recorded	ride	ticket
best	dear	friend	nice	so	weekend	wishes	wonderful
anyone	it	laugh	liking	makes	song	thought
always	artist	beautifully	best	ca	fantastic	female	find	lyrics	match	song	written
absolutely	devastating	her	loss	sends	shivers	singing	spine	still	us
affluence	disturbing	era	good	heart	it	made	masterpiece	necessary	richness	song	state	things	valued	world
always	come	day	excited	good	know	knows	love	night	say	that	thing	thought	want	work
ever	industry	loss	music	one	tragic	unique	voices
beautiful	bloody	drums	era	fantastic	heartfelt	lost	play	pretty	problem	recluse	sadly	say	soulful	unheard	voice	wanted
know	meta	realized	singing	something	song	think	you
age	birth	death	old	perception	sorrow	suffering
almost	apologize	came	charge	completely	discharged	got	my	phone	preserve	thank
000	100	around	bankrupt	barbados	becomes	billion	billions	business	carlos	comes	company	concern	concerns	could	director	dollar	fall	friend	further	get	go	goes	hinds	holders	invest	king	lawyers	managing	nothing	peter	share	suicide	that	what	you	zulus
age	god	great	height	left	prime	sad	singer	so	talented	us	young
anymore	beautiful	like	make	singers	they	timeless	truly	voice	wonder
another	behind	clear	damn	effortless	ended	enjoy	good	her	karen	left	listening	lot	love	music	one	rip	sad	seemed	sing	so	soon	taken	voice	way	woman
able	arranged	brother	but	crafted	credit	enough	gets	it	quieted	repackage	richard	shame	songs	soon	think	voice	what	wonderfully
amazing	beautiful	it	sad	song	soul	still	time	touches	what
anymore	bad	childhood	good	music	song	thing	very
400	beautiful	bought	btw	carefully	curios	daughter	doll	dollars	find	googled	got	indeed	karachi	listened	loops	low	pakistan	part	preset	quality	real	rupees	singing	song	sound	words
close	feeling	five	happy	matter	no	seconds	song	tears
body	every	love	melodious	sings	song	sweeter	voice
act	allergies	beautiful	died	everytime	eyes	hear	lose	man	song	start	voice	watering
asking	blacklane	bolt	boot	car	class	even	fresh	long	make	pie	sense	shove	sing	steamer	thank	well
america	another	comment	nam	play	played	radio	sad	saw	song	still	video	viet
better	could	depressed	done	everything	fixed	got	help	know	listen	nothing	sad	sadder	undo	wished
30	awakening	chopin	cried	ending	kate	last	listening	minutes	monday	reading	sad	song	straight	the
good	is	latina	mixed	pretty	race	she	singer
90s	child	house	incredible	like	sounds	this	track	wow
accent	although	come	dc	girl	lol	moan	she	southern	think
2019	disco	even	fresh	hear	house	often	shows	sounds	this	timeless
14	and	back	bell	concerning	end	fashionable	good	guess	hair	it	shape	times	wow
as	black	either	fantastic	first	girl	heard	is	mixed	race	singing	thought	voice	way
1980	1981	90s	always	attempts	dead	declined	disco	july	lived	rapidly	revival	sad	short	there	totally	very	why
especially	feel	feeling	happier	itsliverpool	liverpool	love	low	making	much	track	tune
age	done	dream	gifted	lot	nice	people	such	tender	voice	well	wonder	young
25	age	anyone	business	could	dance	hair	heart	her	know	mess	million	never	oh	people	popular	presence	retired	seen	she	show	showed	stage	that	there	things	think	wish	you
adorable	also	beyond	complexity	nuance	voice	years	yet
also	band	due	enough	full	fully	got	great	hits	knew	know	lived	long	made	many	maybe	mostly	never	people	popular	problem	rated	really	say	see	stay	the	time	together	underappreciated	underrated	understand	we	years	yes
another	beautiful	beauty	black	blow	call	channel	day	english	good	great	laugh	longer	never	nice	playing	real	song	songs	staves	super	thing	this	though	tire	tony	windy	wish	wold	would
another	beatles	but	cares	clearly	conversation	could	harmonies	history	hollies	level	match	no	one	part	regard	the	took	vocal
ahead	around	end	ever	go	guys	harbor	heard	hey	horn	instinctively	kinds	laugh	looking	looks	nash	noticed	often	ships	song	things	think	towards	turns	wondered	yes
band	clapping	crazy	everyone	fantasize	going	guys	laugh	playing	song	told	would
1966	67	always	anybody	beginning	came	can	ears	else	familiar	first	following	for	heard	hearing	hey	hollies	just	know	love	melody	memories	might	miles	minds	one	parallel	see	seems	song	songs	the	think	ve	versa	vice	whispering	who	wondering	wrote
attention	course	good	heard	never	of	paid	really	this	ve
150	1930s	actually	attack	come	could	future	good	he	herbert	hitler	next	novels	predict	predicting	predictions	pretty	series	shape	soviet	start	things	to	tried	union	wells	went	would	wrong	wrote	wwii	years
band	commented	gas	great	heard	kid	love	never	register	sad	she	station	stopped	store	system	tune	very	was	yesterday
bad	band	camera	deserved	dominates	equal	especially	face	instruments	lead	members	other	played	recognition	since	singer	too	video
14	agree	british	good	grew	invasion	like	matter	music	person
and	anyone	brilliant	come	compare	cooler	future	guys	may	music	soldiers	these	tomorrow	without
already	biography	crossed	fans	it	like	making	mind	one	only	sure	tell	think	time	two	write
afraid	answer	but	ca	expert	give	guitarist	like	looks	may	right	straight
80s	always	anybody	beatles	but	ca	else	elvis	getting	great	influential	ironically	likes	listening	love	many	old	really	saw	sounding	started	stop	the	thing	tunes	type
actually	admit	away	blown	embarrassed	first	listened	long	really	singing	this	time	took
audience	checked	could	doc	dream	every	get	girl	heart	hypnotizes	if	make	might	need	puts	race	seen	single	song	state	wish
anyone	apparently	back	birth	died	dude	end	go	gospel	jesse	late	named	resemblence	seen	singer	striking	tomorrow	true	twin
best	elders	gives	headache	honest	nowadays	old	songs	the	to
agree	crap	elvis	gang	garbage	go	gon	gucci	king	know	let	like	magnificent	music	na	new	people	person	please	replace	right	rolex	rude	seriously	sounds	think	today	wait	you
beach	dance	dream	get	hawaii	listen	na	partner	song	such	wan
4th	best	did	know	selling	single	song	worldwide
always	born	circle	comment	dont	generation	jerk	kids	like	listen	listening	music	old	ones	re	section	smart	thing	think	wrong	youtube
20th	artists	century	come	guys	listening	mail	medal	one	recognizable	special	sure	want	when	wow
better	carefully	god	kind	listen	music	story	tells	thank	way
best	brought	ever	glad	guy	hearts	king	lived	lives	music	musician	so	still	the
charming	mother	much	must	naples	original	say	song	speak	think	tongue	version
17	40s	50s	60s	age	alternative	as	basic	bold	come	compared	conclusion	currently	existent	experience	explicit	fossils	group	historic	however	illicit	listen	love	modern	much	music	never	non	others	past	people	points	pretty	profane	realise	taste
2019	2040	80s	another	evoke	evolution	milestone	music	response	similar	still	sure	year
beautiful	creation	evergreen	love	melodious	much	music	romantic	song	sweet	thank	the	very	wonderful
get	good	lyrics	many	matter	repeated	song	this	times	tired
anymore	behind	broke	came	crazy	decide	dizzy	everytime	excitement	exciting	fear	got	heart	if	look	love	made	night	person	running	see	seen	star	stop	ve	yes	you
almost	change	feeling	gon	got	if	love	months	na	nothings	read	remember	strong	wuv
15	1998	22	boyfriend	day	first	husband	last	loved	old	send	since	song	together	valentine	we	years
bullshit	give	heart	life	love	materialistic	now	songs	that	today	true	where	will	written	wrong
gave	know	love	one	person	really	romantic	songs	thumbs	time	want	what	wrong
1988	anymore	appreciated	backup	be	change	era	especially	ever	fool	going	great	if	incase	love	may	might	nothing	otherwise	plan	ready	sacred	song	still	thought	track	true	upload	via	without
afternoon	anyone	beach	breeze	california	cool	dress	faded	floaty	good	lady	late	levis	linen	refreshing	romantic	sand	shirt	suggestive	summer	think	walk	white
lady	love	much	say	says	song	true
fantastic	little	new	someone	song	version
days	gone	music	nothing	people	real	sing	today
brains	deserves	despecio	humans	light	makes	outbeats	something	swift	taylor	this	trillion	video	views	wonder	wrong	years
away	best	breath	certain	gave	held	hug	hugs	it	man	mind	omg	takes	thinking	tight
1987	back	fucking	getting	he	in	laid	like	looked	lot	mendes	much	must	shawn	ve
changes	crucifix	got	know	lets	look	man	okay	shirt	the	three	times
1980	certainly	focus	soft	sure	where	without	would
80s	especially	love	overplayed	perfect	song	they	weddings
banger	believe	best	love	matter	missing	real	this	world	year
call	called	deserver	evergreen	got	happiest	it	life	moment	people	priceless	song	that	thing	thousand
bad	believe	change	crying	feel	god	going	love	makes	nothing	someone	think
best	everytime	favorite	forever	hear	heart	love	my	no	one	question	radio	song	that	this	touch	wow
42	beautiful	born	era	feel	kids	like	lucky	make	music	nowadays	play	proud	really	songs	these
bad	caught	change	detention	ever	gon	know	ll	lol	na	never	nothing	since	sings	teacher	wonder	you
attractive	boy	could	dude	feel	he	huge	like	movie	natural	pinup	romantic	screen	seemed	side	soft	star	teenage	typical	ve
18	ago	change	ever	feeling	gon	its	love	lovely	loving	married	na	nothing	says	song	still	this	truly	wife	years
2018	add	ago	all	couple	did	find	honest	idea	innocence	it	kid	may	seems	sung	weeks	years
benson	better	called	classified	emotion	feelings	george	glen	good	great	hit	now	one	overall	popstars	pretty	sang	song	still	tune	wonder
attention	create	heart	inside	it	listening	live	love	my	snatched	song	taught	uncle
although	blue	budget	ever	front	lol	lowest	music	probably	screen	seen	ve	video
aged	almost	cute	downhill	go	guess	guy	handsome	harder	he	like	looked	looks	middle	naturally	preserve	re	sad	still	though	typical	ve	wish	worked	young
ages	anymore	ca	day	like	music	what	why	wrong
80	90	born	came	even	love	music	really	song	though	yet
believe	blessed	brightens	ca	face	feel	first	god	hard	heart	like	lost	love	may	melts	moon	much	na	never	send	song	stars	stop	sweet	thank	think	thinking	thought	thoughts	time	ve	wait	walker	wan	way	world
and	complaining	first	go	good	guys	listen	ll	make	music	one	stop
day	kind	listening	love	make	music	real
best	chock	college	cool	curious	educator	emerge	era	for	full	great	hi	imho	mederios	mr	one	ones	pop	prep	president	pretty	reinvent	romantic	school	songs	went
behind	better	etc	gon	modern	much	music	na	songs	take	think
actually	days	great	looks	meant	music	something	videos
2017	cry	everytime	funny	girlfriend	great	hope	its	makes	sad	song	time
find	innocent	kind	love	song	video	where
beat	classic	excellent	its	love	millennium	one	romantic	song	time
easy	exactly	great	hear	innocent	right	says	simple	so	song	wants	woman
beautiful	country	currently	going	husband	it	meaningful	my	present	real	reduced	sent	song	tears	time	tough	words
like	live	love	not	quite	record	singing	sounds	the
ai	always	amen	anymore	best	gon	loved	much	na	one	peace	performance	rest	says	scott	shine	sun	talent	thank
background	definitely	live	music	not	performed	sure	vocals
awesome	it	limitlessly	parallel	reincarnated	universe	voice	want
another	beginning	cause	cockamame	come	dead	door	dream	idea	improvement	light	love	loving	lucky	make	mean	minute	move	one	really	rest	room	says	second	seeing	special	still	sure	true	tunnel	wait	way	you
good	group	hear	live	nice	sounds	studio	version	well
better	brothers	frankie	hear	mind	must	one	only	original	recollection	slow	song	the	think	thinks	valli	version	walker	yes
am	better	fast	four	horrible	much	one	seasons	the	thinks	version
apparently	came	hear	heard	love	loved	need	song	still	supernatural	thought
all	anymore	gets	gon	looking	lose	man	na	one	son	way	wife
arms	come	downy	easily	even	fore	hair	how	interesting	means	scott	see	technology	tendons	todays	veins	vintage
60	along	appeared	association	brothers	case	comes	info	interested	jim	live	mary	one	original	re	realize	recording	show	singing	smothers	sophisticated	technology	thanks	tube	yester
50	60	70	appearances	artists	back	band	easy	engineer	even	frequently	get	making	need	needed	sound	studio	technique	tracks	up	used	whenever
bass	cool	did	easy	echoed	emptiness	excellent	four	going	great	it	like	line	lose	lyric	miss	much	musically	nothing	one	piano	place	re	really	seasons	song	spectorish	start	stuff	there	win
guys	made	nice	real	song	sound	theme	these	voices
1966	20	ai	also	among	anymore	aware	beatles	brothers	charting	club	country	especially	fact	fan	girls	gon	high	hit	larger	lead	less	most	na	new	number	particularly	people	popularity	reached	said	scott	shine	successful	sun	teenage	the	uk	vocalist	walker	well
1965	1966	2019	brothers	december	frankie	it	justice	label	love	originally	recorded	released	single	smash	song	successful	the	valli	walker
11	19	29	and	day	end	great	keep	listening	powerful	song	time	timeless
beyond	eternal	idea	song	theme	they	this	time
away	else	father	got	listening	morning	nearly	passed	shine	smiling	somehow	sun	sure	thinking	track
000	50	80	agree	ai	alone	anymore	best	but	ca	company	favorite	funny	garbage	gon	good	itunes	made	marin	mr	music	na	none	one	put	shine	songs	stand	stands	sun	surname	the	today	trio	walker	wholeheartedly
america	american	an	band	britain	brothers	due	famous	history	made	may	righteous	the	walker
alike	always	artistically	both	brothers	confuse	deal	deserve	for	great	groups	magnificently	masterpiece	much	outstanding	probably	reason	respect	righteous	song	sound	sung	unforgettable	walker	wow
2019	28	again	aloud	and	apt	every	four	listening	listens	loving	second	sept	singing	three	trick
ever	gon	great	head	na	one	ones	rings	shine	sun
60	ago	couple	day	era	every	fantastic	great	instruments	listen	lyrics	missed	music	one	posting	ran	somehow	song	thanks	video	voices	weeks
10	doomsday	ever	favorite	knowing	love	one	song	songs
clarity	depth	deteriorated	like	listen	male	music	no	sad	so	sounds	timber	today	vocalist	voice	way
definitely	even	five	it	like	loved	many	never	song	the	think	tire	today	top	years
bad	create	enjoy	forever	greatest	history	it	like	master	musical	one	pieces	us	voices
break	crazy	drama	easy	meaning	real	song	songs	take	these	this	voice	what
beautiful	day	dead	forever	generation	get	glorious	god	it	listen	music	musicians	one	shared	us	wake
60	available	back	beautifully	classic	crafted	defining	equipment	era	given	great	haunting	many	moving	music	one	recording	songs	sound	way
artists	can	fame	generation	like	lust	money	new	nobody	nowadays	sing	song	sucks	the	today	touching	write
better	got	listened	million	perfect	song	time	times
19	60s	additional	amazing	away	blows	correct	drummer	fantastic	format	headphones	hearing	hidden	it	kan	magnificent	mind	much	never	player	presenting	production	ps	record	somewhere	stereo	thank	this	thru	try	uk
beam	best	captured	day	died	download	era	music	one	scottie	shined	since	sound	sun	they	yet
always	company	create	intelligible	orchestra	overwhelmed	record	the	version	vocals	wish	would
awful	camera	clever	clip	considered	day	despite	great	irritating	microphone	obscuring	performance	perhaps	singers	song	what	work
brilliant	detract	difficult	elsewhere	good	imprinted	look	mind	really	seen	sound	tight	trousers	way	wish
beautiful	feeling	great	hear	innocence	kinds	life	little	love	original	pure	song	songs	spirted	vocals
all	arrangement	better	compare	does	every	favorite	get	harmony	hear	ll	love	music	never	one	past	perfect	songs	super	time	today	voice	way
60s	ballads	brilliant	engel	full	given	great	masculine	melancholy	mid	one	pop	scott	throttle
going	keeping	pretty	ricky	thank	watch
bass	bottom	home	like	miami	one	tell	well	whopper
80	90	back	bass	classics	early	era	florida	honestly	lock	many	mid	music	one	say	south	this	whole
agree	all	anything	ask	cookout	every	family	fits	genders	generation	greatest	hey	let	listen	much	muchm	now	one	party	play	races	seemed	situation	song	tell	thank	this	time	type	ya
beat	coincide	degrade	diss	downgrade	innovate	inspire	it	know	like	lost	made	motivate	music	na	need	purpose	sha	to	voice	want
but	called	felt	love	men	soft	to	told	try	women
ago	bit	come	could	email	great	information	intended	little	lot	months	next	one	schedule	see	solely	week	weeks	would
age	classic	comments	dumb	exactly	life	like	love	may	means	much	others	say	so	song	tomorrow	twice	whatever
age	await	ball	dudes	great	imagine	leo	less	listen	man	many	masterpieces	natural	passed	pop	radio	songs	talent	tarts	this	today	wailing	would	written	young
amazing	enchanced	era	graphics	hd	music	real	really	simplistic	something	special	there	yet
end	happens	much	paint	pretty	that	wearing
amazing	came	cute	grandma	guy	listening	singer	smile	street	sweet	the	yes
amount	dog	included	lady	media	people	powerful	seeing	singing	source	sweet	the	twitter	unbelievable	video
and	came	chihuahua	dog	ever	herman	intelligent	jack	listening	lola	love	loving	malinda	mix	owned	rescue	russell	say	sensitive	she	singing	terrier
different	find	first	format	prefer	seen	song	soothing	time	ve	video
able	beautiful	beauty	bottom	delivered	great	heart	how	love	measure	message	much	never	song	today	tomorrow	twice	unfortunately	weight	what	word	youngsters
advance	chorus	com	goes	hard	https	it	like	melodica	months	remember	s160cdsw59ye	similar	something	song	starts	thanks	the	there	trying	ve	vocaroo	way
boyfriend	future	love	say	sing	song	tell	would
could	hear	love	man	sing	song	special	way	young
came	girl	girlfriend	happened	he	marry	new	real	scruffy	unattractive	wonder	zealand
another	around	bulls	dance	days	epileptic	feels	guy	look	lot	music	noise	seized	today	way
cars	clear	drive	good	late	night	relaxed	streets	tune	vibe
california	car	desert	driving	golden	imagine	listening	moment	roadway	song	sunset	warm	would
dear	film	like	permission	re	really	short	sir	song	use	want
forget	gives	leo	life	many	memorable	never	one	singer	singing	song	you
always	beautiful	boot	good	looking	love	music	talented	very	voice	well
80s	broadcast	classics	early	era	get	huge	many	pop	radio	songs	still	streaming
70	80	art	care	day	generation	good	musics	part	signers	true	wish
bit	breath	came	every	gather	like	sounds	take	you
another	cry	guy	make	mean
else	gift	giving	goes	keeps	know	love	someone
ca	dance	dancing	friends	if	keep	mind	physically
another	elvis	guy	original	singer	song	thought
annoying	assume	certainly	dancing	feel	he	judging	leo	like	listeners	love	make	sayer	video	viewers
crazy	eye	fell	full	insane	like	loud	singing	sometime	song	sorrow	tears	unsaid
action	afro	apparent	background	bizarre	bob	entire	hot	how	painting	reason	ross	seriously	that	throughout	video	would
40	brought	c9	daddy	dated	film	have	home	instrumental	song	sweet	thought	vintage	yeah	years
80	adult	arranging	away	complete	couple	dozen	golden	later	made	melody	message	oldies	one	orchestration	outstanding	pull	simple	songs	standards
countrify	course	day	may	never	nice	of	one	song	version
beautiful	could	dislike	hits	home	right	someone	song	this	understand
beautiful	better	devices	digital	excellent	far	it	lyrics	modern	music	produce	real	rely	singers	singing	versions	voice
arts	class	family	fan	future	good	happiness	health	legenda	life	light	love	luck	much	music	musical	nice	prof	real	rock	sing	soft	thank	time	very	you	young
accepting	age	big	come	currently	dates	dudes	every	girl	guy	ha	hair	im	international	mean	no	pink	pretty	range	sing	suit	want	would
cutting	gifts	giving	like	making	pictures
absolutely	all	favorites	hearing	love	never	one	song	time	tire
cup	extremely	he	heart	like	melting	one	really	songs	tea
1980	around	boyfriends	brother	doormat	favorites	gon	good	he	it	let	like	look	love	na	one	really	safe	song	sort	tell	that	though	use
but	care	clown	funny	guy	he	hospitals	kids	least	leo	nice	nonetheless	not	others	people	really	sick	singing	started	that	thinks	would
going	got	know	opening	painter	richard	seeing	simmons	softly	speaks	suggest	thing	video	well	would
afraid	beautiful	feel	love	really	sad	someone	song	tell
age	comes	dear	friend	glad	important	like	music	song	think	time
